France,1900,FRA,40019136,186101232000,,,,,,,,,,,,,,,,,,6739.925,269.726,,,,,,,,,,,,,,,,,,,,,,,,,,,0.000,0.000,,,,,,,,,,,,,,,,,,,,,,,,,,,,,,,,,,,,,,0.000,0.000,,,,,,,,,,,,,,,,,,,,,,,,,,,,,,,,,,,,,,,
France,1901,FRA,40067484,183083200000,,,,,,,,,,,,,,,,-3.268,-8.813,6511.827,260.913,,,,,,,,,,,,,,,,,,,,,,,,,,0.000,0.000,0.000,,,,,,,,,,,,,,,,,,,,,,,,,,,,,,,,,,,,,0.000,0.000,0.000,,,,,,,,,,,,,,,,,,,,,,,,,,,,,,,,,,,,,,,
France,1902,FRA,40116538,180073599000,,,,,,,,,,,,,,,,-7.192,-18.765,6036.103,242.148,,,,,,,,,,,,,,,,,,,,,,,,,,0.000,0.000,0.000,,,,,,,,,,,,,,,,,,,,,,,,,,,,,,,,,,,,,0.000,0.000,0.000,,,,,,,,,,,,,,,,,,,,,,,,,,,,,,,,,,,,,,,
France,1903,FRA,40166299,184067218000,,,,,,,,,,,,,,,,16.427,39.779,7018.971,281.926,,,,,,,,,,,,,,,,,,,,,,,,,,0.000,0.000,0.000,,,,,,,,,,,,,,,,,,,,,,,,,,,,,,,,,,,,,0.000,0.000,0.000,,,,,,,,,,,,,,,,,,,,,,,,,,,,,,,,,,,,,,,
France,1904,FRA,40216118,185418142000,,,,,,,,,,,,,,,,-2.105,-5.933,6862.744,275.993,,,,,,,,,,,,,,,,,,,,,,,,,,0.000,0.000,0.000,,,,,,,,,,,,,,,,,,,,,,,,,,,,,,,,,,,,,0.000,0.000,0.000,,,,,,,,,,,,,,,,,,,,,,,,,,,,,,,,,,,,,,,
France,1905,FRA,40265996,188625570000,,,,,,,,,,,,,,,,5.138,14.180,7206.401,290.173,,,,,,,,,,,,,,,,,,,,,,,,,,0.000,0.000,0.000,,,,,,,,,,,,,,,,,,,,,,,,,,,,,,,,,,,,,0.000,0.000,0.000,,,,,,,,,,,,,,,,,,,,,,,,,,,,,,,,,,,,,,,
France,1906,FRA,40315932,192058922000,,,,,,,,,,,,,,,,-4.890,-14.190,6845.511,275.983,,,,,,,,,,,,,,,,,,,,,,,,,,0.000,0.000,0.000,,,,,,,,,,,,,,,,,,,,,,,,,,,,,,,,,,,,,0.000,0.000,0.000,,,,,,,,,,,,,,,,,,,,,,,,,,,,,,,,,,,,,,,
France,1907,FRA,40365927,200370148000,,,,,,,,,,,,,,,,7.515,20.740,7350.833,296.723,,,,,,,,,,,,,,,,,,,,,,,,,,0.000,0.000,0.000,,,,,,,,,,,,,,,,,,,,,,,,,,,,,,,,,,,,,0.000,0.000,0.000,,,,,,,,,,,,,,,,,,,,,,,,,,,,,,,,,,,,,,,
France,1908,FRA,40415980,199237284000,,,,,,,,,,,,,,,,1.745,5.179,7469.878,301.902,,,,,,,,,,,,,,,,,,,,,,,,,,0.000,0.000,0.000,,,,,,,,,,,,,,,,,,,,,,,,,,,,,,,,,,,,,0.000,0.000,0.000,,,,,,,,,,,,,,,,,,,,,,,,,,,,,,,,,,,,,,,
France,1909,FRA,40408851,207518232000,,,,,,,,,,,,,,,,1.256,3.792,7565.040,305.695,,,,,,,,,,,,,,,,,,,,,,,,,,0.000,0.000,0.000,,,,,,,,,,,,,,,,,,,,,,,,,,,,,,,,,,,,,0.000,0.000,0.000,,,,,,,,,,,,,,,,,,,,,,,,,,,,,,,,,,,,,,,
France,1910,FRA,40344819,194824624000,,,,,,,,,,,,,,,,1.369,4.184,7680.764,309.879,,,,,,,,,,,,,,,,,,,,,,,,,,0.000,0.000,0.000,,,,,,,,,,,,,,,,,,,,,,,,,,,,,,,,,,,,,0.000,0.000,0.000,,,,,,,,,,,,,,,,,,,,,,,,,,,,,,,,,,,,,,,
France,1911,FRA,40224160,213970260000,,,,,,,,,,,,,,,,2.318,7.184,7882.394,317.063,,,,,,,,,,,,,,,,,,,,,,,,,,0.000,0.000,0.000,,,,,,,,,,,,,,,,,,,,,,,,,,,,,,,,,,,,,0.000,0.000,0.000,,,,,,,,,,,,,,,,,,,,,,,,,,,,,,,,,,,,,,,
France,1912,FRA,40047151,231651759000,,,,,,,,,,,,,,,,4.874,15.453,8303.110,332.516,,,,,,,,,,,,,,,,,,,,,,,,,,0.000,0.000,0.000,,,,,,,,,,,,,,,,,,,,,,,,,,,,,,,,,,,,,0.000,0.000,0.000,,,,,,,,,,,,,,,,,,,,,,,,,,,,,,,,,,,,,,,
France,1913,FRA,39814066,230326965000,,,,,,,,,,,,,,,,-0.778,-2.587,8286.736,329.929,,,,,,,,,,,,,,,,,,,,,,,,,,0.000,0.000,0.000,,,,,,,,,,,,,,,,,,,,,,,,,,,,,,,,,,,,,0.640,16.066,0.640,,,,,,,,,,,,,,,,,,,,,,,,,,,,,,,,,,,,,,,
France,1914,FRA,39582334,213933208000,,,,,,,,,,,,,,,,-32.755,-108.069,5605.030,221.860,,,,,,,,,,,,,,,,,,,,,,,,,,0.000,0.000,0.000,,,,,,,,,,,,,,,,,,,,,,,,,,,,,,,,,,,,-100.000,-0.640,0.000,0.000,,,,,,,,,,,,,,,,,,,,,,,,,,,,,,,,,,,,,,,
France,1915,FRA,39351947,209570137000,,,,,,,,,,,,,,,,-29.322,-65.055,3984.693,156.805,,,,,,,,,,,,,,,,,,,,,,,,,,0.000,0.000,0.000,,,,,,,,,,,,,,,,,,,,,,,,,,,,,,,,,,,,,0.000,0.000,0.000,,,,,,,,,,,,,,,,,,,,,,,,,,,,,,,,,,,,,,,
France,1916,FRA,39122898,220159680000,,,,,,,,,,,,,,,,9.042,14.178,4370.428,170.984,,,,,,,,,,,,,,,,,,,,,,,,,,0.000,0.000,0.000,,,,,,,,,,,,,,,,,,,,,,,,,,,,,,,,,,,,,0.000,0.000,0.000,,,,,,,,,,,,,,,,,,,,,,,,,,,,,,,,,,,,,,,
France,1917,FRA,38895178,186539424000,,,,,,,,,,,,,,,,35.467,60.642,5955.137,231.626,,,,,,,,,,,,,,,,,,,,,,,,,,0.000,0.000,0.000,,,,,,,,,,,,,,,,,,,,,,,,,,,,,,,,,,,,,0.000,0.000,0.000,,,,,,,,,,,,,,,,,,,,,,,,,,,,,,,,,,,,,,,
France,1918,FRA,38680067,147191898000,,,,,,,,,,,,,,,,-9.560,-22.144,5415.776,209.483,,,,,,,,,,,,,,,,,,,,,,,,,,0.000,0.000,0.000,,,,,,,,,,,,,,,,,,,,,,,,,,,,,,,,,,,,,0.605,15.635,0.605,,,,,,,,,,,,,,,,,,,,,,,,,,,,,,,,,,,,,,,
France,1919,FRA,38558175,173414700000,,,,,,,,,,,,,,,,-14.180,-29.705,4662.506,179.778,,,,,,,,,,,,,,,,,,,,,,,,,,0.000,0.000,0.000,,,,,,,,,,,,,,,,,,,,,,,,,,,,,,,,,,,,-7.692,-0.047,14.478,0.558,,,,,,,,,,,,,,,,,,,,,,,,,,,,,,,,,,,,,,,
France,1920,FRA,38529587,200616000000,,,,,,,,,,,,,,,,12.638,22.720,5255.639,202.498,,,,,,,,,,,,,,,,,,,,,,,,,,0.000,0.000,0.000,,,,,,,,,,,,,,,,,,,,,,,,,,,,,,,,,,,,14.583,0.081,16.602,0.640,,,,,,,,,,,,,,,,,,,,,,,,,,,,,,,,,,,,,,,
France,1921,FRA,38594388,192315240000,,,,,,,,,,,,,,,,15.223,30.827,6045.550,233.324,,,,,,,,,,,,,,,,,,,,,,,,,,0.000,0.000,0.000,,,,,,,,,,,,,,,,,,,,,,,,,,,,,,,,,,,,1.818,0.012,16.875,0.651,,,,,,,,,,,,,,,,,,,,,,,,,,,,,,,,,,,,,,,
France,1922,FRA,38752667,226822680000,,,,,,,,,,,,,,,,10.271,23.965,6639.280,257.290,,,,,,,,,,,,,,,,,,,,,,,,,,0.000,0.000,0.000,,,,,,,,,,,,,,,,,,,,,,,,,,,,,,,,,,,,25.000,0.163,21.008,0.814,,,,,,,,,,,,,,,,,,,,,,,,,,,,,,,,,,,,,,,
France,1923,FRA,39004517,238641920000,,,,,,,,,,,,,,,,20.886,53.739,7974.167,311.029,,,,,,,,,,,,,,,,,,,,,,,,,,0.000,0.000,0.000,,,,,,,,,,,,,,,,,,,,,,,,,,,,,,,,,,,,0.000,0.000,20.872,0.814,,,,,,,,,,,,,,,,,,,,,,,,,,,,,,,,,,,,,,,
France,1924,FRA,39258004,268504910000,,,,,,,,,,,,,,,,16.728,52.029,9247.991,363.058,,,,,,,,,,,,,,,,,,,,,,,,,,0.000,0.000,0.000,,,,,,,,,,,,,,,,,,,,,,,,,,,,,,,,,,,,5.714,0.047,21.922,0.861,,,,,,,,,,,,,,,,,,,,,,,,,,,,,,,,,,,,,,,
France,1925,FRA,39513139,269691010000,,,,,,,,,,,,,,,,6.944,25.209,9826.278,388.267,,,,,,,,,,,,,,,,,,,,,,,,,,0.000,0.000,0.000,,,,,,,,,,,,,,,,,,,,,,,,,,,,,,,,,,,,-12.162,-0.105,19.132,0.756,,,,,,,,,,,,,,,,,,,,,,,,,,,,,,,,,,,,,,,
France,1926,FRA,39769931,276812510000,,,,,,,,,,,,,,,,9.091,35.298,10650.379,423.565,,,,,,,,,,,,,,,,,,,,,,,,,,0.000,0.000,0.000,,,,,,,,,,,,,,,,,,,,,,,,,,,,,,,,,,,,3.077,0.023,19.593,0.779,,,,,,,,,,,,,,,,,,,,,,,,,,,,,,,,,,,,,,,
France,1927,FRA,40028393,271063740000,,,,,,,,,,,,,,,,0.793,3.359,10665.524,426.924,,,,,,,,,,,,,,,,,,,,,,,,,,0.000,0.000,0.000,,,,,,,,,,,,,,,,,,,,,,,,,,,,,,,,,,,,8.955,0.070,21.210,0.849,,,,,,,,,,,,,,,,,,,,,,,,,,,,,,,,,,,,,,,
France,1928,FRA,40288534,289936150000,,,,,,,,,,,,,,,,-0.825,-3.520,10509.284,423.404,,,,,,,,,,,,,,,,,,,,,,,,,,0.000,0.000,0.000,,,,,,,,,,,,,,,,,,,,,,,,,,,,,,,,,,,,1.370,0.012,21.361,0.861,,,,,,,,,,,,,,,,,,,,,,,,,,,,,,,,,,,,,,,
France,1929,FRA,40485273,309554840000,,,,,,,,,,,,,,,,4.786,20.266,10958.796,443.670,,,,,,,,,,,,,,,,,,,,,,,,,,0.000,0.000,0.000,,,,,,,,,,,,,,,,,,,,,,,,,,,,,,,,,,,,1.351,0.012,21.545,0.872,,,,,,,,,,,,,,,,,,,,,,,,,,,,,,,,,,,,,,,
France,1930,FRA,40618294,300590640000,,,,,,,,,,,,,,,,0.175,0.777,10942.027,444.447,,,,,,,,,,,,,,,,,,,,,,,,,,0.000,0.000,0.000,,,,,,,,,,,,,,,,,,,,,,,,,,,,,,,,,,,,1.333,0.012,21.761,0.884,,,,,,,,,,,,,,,,,,,,,,,,,,,,,,,,,,,,,,,
France,1931,FRA,40687278,282596860000,,,,,,,,,,,,,,,,-7.259,-32.264,10130.491,412.182,,,,,,,,,,,,,,,,,,,,,,,,,,0.000,0.000,0.000,,,,,,,,,,,,,,,,,,,,,,,,,,,,,,,,,,,,-2.632,-0.023,21.152,0.861,,,,,,,,,,,,,,,,,,,,,,,,,,,,,,,,,,,,,,,
France,1932,FRA,40691906,264178460000,,,,,,,,,,,,,,,,-7.420,-30.584,9377.737,381.598,,,,,,,,,,,,,,,,,,,,,,,,,,0.000,0.000,0.000,,,,,,,,,,,,,,,,,,,,,,,,,,,,,,,,,,,,1.351,0.012,21.435,0.872,,,,,,,,,,,,,,,,,,,,,,,,,,,,,,,,,,,,,,,
France,1933,FRA,40631855,283050730000,,,,,,,,,,,,,,,,1.428,5.448,9525.677,387.046,,,,,,,,,,,,,,,,,,,,,,,,,,0.000,0.000,0.000,,,,,,,,,,,,,,,,,,,,,,,,,,,,,,,,,,,,5.333,0.047,22.612,0.919,,,,,,,,,,,,,,,,,,,,,,,,,,,,,,,,,,,,,,,
France,1934,FRA,40571892,280309900000,,,,,,,,,,,,,,,,1.481,5.733,9681.058,392.779,,,,,,,,,,,,,,,,,,,,,,,,,,0.000,0.000,0.000,,,,,,,,,,,,,,,,,,,,,,,,,,,,,,,,,,,,-1.266,-0.012,22.359,0.907,,,,,,,,,,,,,,,,,,,,,,,,,,,,,,,,,,,,,,,
France,1935,FRA,40512018,273155220000,,,,,,,,,,,,,,,,-3.091,-12.142,9395.664,380.637,,,,,,,,,,,,,,,,,,,,,,,,,,0.000,0.000,0.000,,,,,,,,,,,,,,,,,,,,,,,,,,,,,,,,,,,,-2.564,-0.023,21.818,0.884,,,,,,,,,,,,,,,,,,,,,,,,,,,,,,,,,,,,,,,
France,1936,FRA,40452232,283521150000,,,,,,,,,,,,,,,,-2.059,-7.838,9215.788,372.799,,,,,,,,,,,,,,,,,,,,,,,,,,0.000,0.000,0.000,,,,,,,,,,,,,,,,,,,,,,,,,,,,,,,,,,,,-7.895,-0.070,20.125,0.814,,,,,,,,,,,,,,,,,,,,,,,,,,,,,,,,,,,,,,,
France,1937,FRA,40392535,299883360000,,,,,,,,,,,,,,,,-1.824,-6.801,9061.036,365.998,,,,,,,,,,,,,,,,,,,,,,,,,,0.000,0.000,0.000,,,,,,,,,,,,,,,,,,,,,,,,,,,,,,,,,,,,0.000,0.000,20.155,0.814,,,,,,,,,,,,,,,,,,,,,,,,,,,,,,,,,,,,,,,
France,1938,FRA,40332925,298713240000,,,,,,,,,,,,,,,,4.852,17.759,9514.731,383.757,,,,,,,,,,,,,,,,,,,,,,,,,,0.000,0.000,0.000,,,,,,,,,,,,,,,,,,,,,,,,,,,,,,,,,,,,2.857,0.023,20.761,0.837,,,,,,,,,,,,,,,,,,,,,,,,,,,,,,,,,,,,,,,
France,1939,FRA,40314566,320116000000,,,,,,,,,,,,,,,,5.663,21.732,10058.115,405.489,,,,,,,,,,,,,,,,,,,,,,,,,,0.000,0.000,0.000,,,,,,,,,,,,,,,,,,,,,,,,,,,,,,,,,,,,-2.778,-0.023,20.194,0.814,,,,,,,,,,,,,,,,,,,,,,,,,,,,,,,,,,,,,,,
France,1940,FRA,40337546,264163000000,,,,,,,,,,,,,,,,-19.231,-77.979,8119.214,327.509,,,,,,,,,,,,,,,,,,,,,,,,,,0.000,0.000,0.000,,,,,,,,,,,,,,,,,,,,,,,,,,,,,,,,,,,,-1.429,-0.012,19.894,0.802,,,,,,,,,,,,,,,,,,,,,,,,,,,,,,,,,,,,,,,
France,1941,FRA,40401955,208850400000,,,,,,,,,,,,,,,,7.020,22.992,8675.347,350.501,,,,,,,,,,,,,,,,,,,,,,,,,,0.000,0.000,0.000,,,,,,,,,,,,,,,,,,,,,,,,,,,,,,,,,,,,-15.942,-0.128,16.696,0.675,,,,,,,,,,,,,,,,,,,,,,,,,,,,,,,,,,,,,,,
France,1942,FRA,40507882,187228800000,,,,,,,,,,,,,,,,-0.025,-0.086,8650.531,350.415,,,,,,,,,,,,,,,,,,,,,,,,,,0.000,0.000,0.000,,,,,,,,,,,,,,,,,,,,,,,,,,,,,,,,,,,,12.069,0.081,18.662,0.756,,,,,,,,,,,,,,,,,,,,,,,,,,,,,,,,,,,,,,,
France,1943,FRA,40655418,177801000000,,,,,,,,,,,,,,,,-3.612,-12.656,8307.840,337.759,,,,,,,,,,,,,,,,,,,,,,,,,,0.000,0.000,0.000,,,,,,,,,,,,,,,,,,,,,,,,,,,,,,,,,,,,4.615,0.035,19.452,0.791,,,,,,,,,,,,,,,,,,,,,,,,,,,,,,,,,,,,,,,
France,1944,FRA,40803492,150192900000,,,,,,,,,,,,,,,,-37.230,-125.746,5195.947,212.013,,,,,,,,,,,,,,,,,,,,,,,,,,0.000,0.000,0.000,,,,,,,,,,,,,,,,,,,,,,,,,,,,,,,,,,,,-13.235,-0.105,16.816,0.686,,,,,,,,,,,,,,,,,,,,,,,,,,,,,,,,,,,,,,,
France,1945,FRA,40952105,162809700000,,,,,,,,,,,,,,,,31.843,67.512,6825.645,279.525,,,,,,,,,,,,,,,,,,,,,,,,,,0.000,0.000,0.000,,,,,,,,,,,,,,,,,,,,,,,,,,,,,,,,,,,,-50.847,-0.349,8.236,0.337,,,,,,,,,,,,,,,,,,,,,,,,,,,,,,,,,,,,,,,
France,1946,FRA,41101259,247582050000,,,,,,,,,,,,,,,,41.065,114.788,9593.687,394.313,,,,,,,,,,,,,,,,,,,,,,,,,,1.177,28.639,1.177,,,,,,,,,,,,,,,,,,,,,,,,,,,,,,,,,,,,79.310,0.267,14.714,0.605,,,,,,,,,,,,,,,,,,,,,,,,,,,,,,,,,,,,,,,
France,1947,FRA,41250956,268325280000,,,,,,,,,,,,,,,,-4.025,-15.872,9174.112,378.441,,,,,,,,,,,,,,,,,,,,,,,,,163.636,1.926,75.229,3.103,,,,,,,,,,,,,,,,,,,,,,,,,,,,,,,,,,,,-3.846,-0.023,14.097,0.581,,,,,,,,,,,,,,,,,,,,,,,,,,,,,,,,,,,,,,,
France,1948,FRA,41401199,287852220000,,,,,,,,,,,,,,,,-4.502,-17.036,8729.337,361.405,,,,,,,,,,,,,,,,,,,,,,,,,23.448,0.728,92.532,3.831,,,,,,,,,,,,,,,,,,,,,,,,,,,,,,,,,,,,4.000,0.023,14.607,0.605,,,,,,,,,,,,,,,,,,,,,,,,,,,,,,,,,,,,,,,
France,1949,FRA,41598134,327028320000,,,,,,,,,,,,,,,,17.824,64.418,10236.593,425.823,,,,,,,,,,,,,,,,,,,,,,,,,36.313,1.391,125.535,5.222,,,,,,,,,,,,,,,,,,,,,,,,,,,,,,,,,,,,11.538,0.070,16.216,0.675,,,,,,,,,,,,,,,,,,,,,,,,,,,,,,,,,,,,,,,
France,1950,FRA,41883122,351453788000,,,,,,,,,,,,,,,,-0.863,-3.675,10079.198,422.148,,,,,,,,,,,,,,,,,,,,,,,,,7.787,0.407,134.390,5.629,,,,,,,,,,,,,,,,,,,,,,,,,,,,,,,,,,,,120.690,0.814,35.543,1.489,,,,,,,,,,,,,,,,,,,,,,,,,,,,,,,,,,,,,,,
France,1951,FRA,42333662,373113710000,,,,,,,,,,,,,,,,4.473,18.881,10417.925,441.029,,,,,,,,,,,,,,,,,,,,,,,,,14.068,0.792,151.665,6.421,,,,,,,,,,,,,,,,,,,,,,,,,,,,,,,,,,,,127.344,1.896,79.944,3.384,,,,,,,,,,,,,,,,,,,,,,,,,,,,,,,,,,,,,,,
France,1952,FRA,42780274,382998896000,,,,,,,,,,,,,,,,4.403,19.418,10763.063,460.447,,,,,,,,,,,,,,,,,,,,,,,,,-3.167,-0.203,145.329,6.217,,,,,,,,,,,,,,,,,,,,,,,,,,,,,,,,,,,,20.275,0.686,95.149,4.070,,,,,,,,,,,,,,,,,,,,,,,,,,,,,,,,,,,,,,,
France,1953,FRA,43227873,394064700000,,,,,,,,,,,,,,,,-4.954,-22.813,10123.887,437.634,,,,,,,,,,,,,,,,,,,,,,,,,-9.811,-0.610,129.714,5.607,,,,,,,,,,,,,,,,,,,,,,,,,,,,,,,,,,,,4.857,0.198,98.737,4.268,,,,,,,,,,,,,,,,,,,,,,,,,,,,,,,,,,,,,,,
France,1954,FRA,43676898,413153816000,,,,,,,,,,,,,,,,3.338,14.607,10354.231,452.241,,,,,,,,,,,,,,,,,,,,,,,,,12.595,0.706,144.551,6.314,,,,,,,,,,,,,,,,,,,,,,,,,,,,,,,,,,,,37.602,1.605,134.468,5.873,,,,,,,,,,,,,,,,,,,,,,,,,,,,,,,,,,,,,,,
France,1955,FRA,44136093,436918058000,,,,,,,,,,,,,,,,1.829,8.270,10433.871,460.510,,,,,,,,,,,,,,,,,,,,,,,,,7.458,0.471,153.715,6.784,,,,,,,,,,,,,,,,,,,,,,,,,,,,,,,,,,,,73.861,4.338,231.356,10.211,,,,,,,,,,,,,,,,,,,,,,,,,,,,,,,,,,,,,,,
France,1956,FRA,44588525,458984646000,,,,,,,,,,,,,,,,-0.153,-0.705,10312.189,459.805,,,,,,,,,,,,,,,,,,,,,,,,,22.082,1.498,185.754,8.282,,,,,,,,,,,,,,,,,,,,,,,,,,,,,,,,,,,,43.964,4.489,329.688,14.700,,,,,,,,,,,,,,,,,,,,,,,,,,,,,,,,,,,,,,,
France,1957,FRA,45036374,486693408000,,,,,,,,,,,,,,,,2.994,13.768,10515.353,473.573,,,,,,,,,,,,,,,,,,,,,,,,,44.186,3.660,265.168,11.942,,,,,,,,,,,,,,,,,,,,,,,,,,,,,,,,,,,,11.630,1.710,364.371,16.410,,,,,,,,,,,,,,,,,,,,,,,,,,,,,,,,,,,,,,,
France,1958,FRA,45493502,498861258000,,,,,,,,,,,,,,,,1.617,7.656,10577.976,481.229,,,,,,,,,,,,,,,,,,,,,,,,,49.821,5.950,393.285,17.892,,,,,,,,,,,,,,,,,,,,,,,,,,,,,,,,,,,,-1.772,-0.291,354.318,16.119,,,,,,,,,,,,,,,,,,,,,,,,,,,,,,,,,,,,,,,
France,1959,FRA,45963766,513138996000,,,,,,,,,,,,,,,,-0.340,-1.635,10434.186,479.594,,,,,,,,,,,,,,,,,,,,,,,,,133.254,23.842,907.965,41.733,,,,,,,,,,,,,,,,,,,,,,,,,,,,,,,,,,,,16.739,2.698,409.395,18.817,,,,,,,,,,,,,,,,,,,,,,,,,,,,,,,,,,,,,,,
France,1960,FRA,46428136,549318528000,,,,,,,,,,,,,,,,-2.689,-12.899,10052.005,466.696,,,,,,,,,,,,,,,,,,,,,,,,,-27.026,-11.279,655.954,30.455,,,,,,,,,,,,,,,,,,,,,,,,,,,,,,,,,,,,22.188,4.175,495.228,22.993,,,,,,,,,,,,,,,,,,,,,,,,,,,,,,,,,,,,,,,
France,1961,FRA,46893841,579768656000,,,,,,,,,,,,,,,,-5.626,-26.255,9392.303,440.441,,,,,,,,,,,,,,,,,,,,,,,,,40.900,12.456,915.058,42.911,,,,,,,,,,,,,,,,,,,,,,,,,,,,,,,,,,,,9.408,2.163,536.439,25.156,,,,,,,,,,,,,,,,,,,,,,,,,,,,,,,,,,,,,,,
France,1962,FRA,47352626,618376451000,,,,,,,,,,,,,,,,-0.025,-0.109,9298.999,440.332,,,,,,,,,,,,,,,,,,,,,,,,,18.204,7.812,1071.160,50.722,,,,,,,,,,,,,,,,,,,,,,,,,,,,,,,,,,,,9.570,2.407,582.082,27.563,,,,,,,,,,,,,,,,,,,,,,,,,,,,,,,,,,,,,,,
France,1963,FRA,47817823,650490670000,,,,,,,,,,,,,,,,-8.965,-39.477,8382.956,400.855,,,,,,,,,,,,,,,,,,,,,,,,,2.553,1.295,1087.817,52.017,,,,,,,,,,,,,,,,,,,,,,,,,,,,,,,,,,,,6.413,1.768,613.388,29.331,,,,,,,,,,,,,,,,,,,,,,,,,,,,,,,,,,,,,,,
France,1964,FRA,48319087,693811349000,,,,,,,,,,,,,,,,10.442,41.858,9162.269,442.712,,,,,,,,,,,,,,,,,,,,,,,,,4.711,2.451,1127.247,54.468,,,,,,,,,,,,,,,,,,,,,,,,,,,,,,,,,,,,12.847,3.768,685.008,33.099,,,,,,,,,,,,,,,,,,,,,,,,,,,,,,,,,,,,,,,
France,1965,FRA,48772824,727557418000,,,0.000,0.000,,,,0.000,,,,10634.035,518.652,,,-2.608,-11.546,8840.311,431.167,,38.742,,,,,,,27621.375,1.852,,,,,24726.891,1206.000,,90.086,,,50.047,,,1026.125,-0.825,-0.449,1107.545,54.018,,3.738,,,,130.225,961.213,46.881,2670.037,,9.728,,,132.717,979.605,47.778,2721.124,,9.914,,,,,2.492,18.391,0.897,51.087,,0.186,,,637.301,,,13066.731,5.341,1.768,714.880,34.867,,47.605,0.000,0.000,,,,0.000,,0.000,,,0.000,,1347.172,,,130.225,961.213,46.881,2670.037,,9.728,,,0.000,0.000,0.000,0.000,,0.000,,,0.000,0.000,0.000,0.000,,0.000
France,1966,FRA,49184651,764514102000,,0.000,0.000,0.000,,,,0.000,,-7.231,-37.501,9782.538,481.151,,,-2.051,-8.841,8586.536,422.326,,35.193,,,,,2.188,29.481,27989.490,1.801,0.918,11.070,,,24744.920,1217.070,,89.020,5.494,2.750,52.797,,,1073.434,2.239,1.209,1122.857,55.227,,3.862,,11.364,14.798,145.024,1061.479,52.208,2948.552,,10.607,13.009,17.400,150.117,1097.771,53.993,3052.116,,10.980,,,55.518,1.383,3.875,28.363,1.395,78.785,,0.283,7.190,45.822,683.123,,,13888.946,-2.201,-0.768,693.289,34.099,,49.966,1.219,0.390,,,1.219,7.929,,24.779,,,0.089,,1376.653,12.195,16.017,146.242,1069.408,52.598,2973.331,,10.697,,0.000,0.000,0.000,0.000,0.000,,0.000,,0.000,0.000,0.000,0.000,0.000,,0.000
France,1967,FRA,49574907,799864800000,,0.000,0.000,0.000,,,,0.000,,-1.330,-6.400,9576.432,474.751,,,-4.806,-20.299,8109.486,402.027,,32.661,,,,,6.191,85.230,29488.369,1.828,8.447,102.810,,,26623.951,1319.880,,90.802,14.286,7.543,60.339,,,1217.133,7.789,4.302,1200.790,59.529,,4.151,,-13.084,-18.974,126.049,915.335,45.378,2542.598,,8.672,-10.992,-16.411,133.706,969.415,48.059,2697.057,,9.198,,,48.817,1.892,5.767,41.876,2.076,116.322,,0.397,14.883,101.667,784.790,,,15830.388,-3.411,-1.163,664.372,32.936,,53.990,1.891,0.605,,55.128,0.672,12.204,,38.137,,,0.130,,1461.883,-12.578,-18.303,127.940,927.539,45.983,2580.735,,8.802,,0.000,0.000,0.000,0.000,0.000,,0.000,,0.000,0.000,0.000,0.000,0.000,,0.000
France,1968,FRA,49947252,835171410000,,0.000,0.000,0.000,,,,0.000,,-4.127,-19.593,9112.774,455.158,,,-11.218,-45.100,7146.089,356.927,,29.763,,,,,5.245,76.672,30803.596,1.842,4.384,57.866,,,27584.023,1377.746,,90.092,19.585,11.817,72.156,,,1444.654,2.139,1.273,1217.334,60.802,,4.718,,11.118,14.014,140.063,1009.517,50.423,2804.214,,9.159,13.265,17.820,151.526,1089.822,54.434,3033.720,,9.908,,,48.603,2.803,8.569,61.765,3.085,171.570,,0.560,8.364,65.642,850.432,,,17026.596,-5.085,-1.675,625.889,31.261,,55.610,2.894,0.926,,53.058,1.003,18.540,,57.936,,,0.189,,1538.555,11.670,15.017,142.957,1028.057,51.349,2862.151,,9.348,,0.000,0.000,0.000,0.000,0.000,,0.000,,0.000,0.000,0.000,0.000,0.000,,0.000
France,1969,FRA,50355300,893107440000,,0.000,0.000,0.000,,,,0.000,,-0.040,-0.182,9035.316,454.976,,,-3.399,-12.132,6847.259,344.796,,27.051,,,,,9.952,153.109,33594.562,1.894,10.434,143.748,,,30215.172,1521.494,,90.463,16.206,11.694,83.850,,,1665.177,14.502,8.818,1382.575,69.620,,4.985,,4.997,6.999,147.061,1051.371,52.942,2920.474,,8.744,5.834,8.870,160.396,1144.052,57.609,3185.280,,9.537,,,16.694,1.431,10.000,71.492,3.600,198.589,,0.595,15.549,132.236,982.668,,,19514.680,-7.031,-2.198,577.166,29.063,,58.426,3.334,1.067,,15.227,0.441,21.189,,66.217,,,0.198,,1691.664,5.181,7.439,150.396,1072.560,54.009,2986.691,,8.942,,0.000,0.000,0.000,0.000,0.000,,0.000,,0.000,0.000,0.000,0.000,0.000,,0.000
France,1970,FRA,50813071,944232666000,,0.000,0.000,0.000,,,,0.000,,-5.145,-23.409,8493.238,431.568,,,-7.858,-27.093,6252.378,317.703,,23.699,,,,,8.273,139.949,36046.105,1.940,8.014,121.934,,,32342.617,1643.428,,90.248,13.928,11.679,95.529,,,1880.013,5.749,4.002,1448.882,73.622,,5.246,,7.063,10.387,157.449,1115.490,56.681,3098.584,,8.646,10.682,17.199,177.594,1254.849,63.763,3495.055,,9.752,,,58.639,5.864,15.864,112.392,5.711,312.201,,0.871,13.602,133.663,1116.331,,,21969.365,-7.603,-2.210,528.480,26.854,,61.302,4.282,1.370,,28.420,0.948,26.966,,84.270,,,0.235,,1831.613,7.485,11.335,161.731,1142.457,58.052,3182.854,,8.881,,0.000,0.000,0.000,0.000,0.000,,0.000,,0.000,0.000,0.000,0.000,0.000,,0.000
France,1971,FRA,51293056,989968592000,,0.000,0.000,0.000,,,,0.000,,-9.621,-41.522,7604.249,390.045,,,-11.172,-35.493,5501.902,282.209,,20.681,,,,,3.483,63.789,36952.410,1.915,4.660,76.591,,,33533.180,1720.019,,91.200,18.524,17.696,113.226,,,2207.424,3.910,2.879,1491.443,76.501,,6.003,,-13.805,-21.735,135.713,952.502,48.857,2645.838,,7.196,-6.564,-11.618,165.976,1161.513,59.578,3235.846,,8.800,,,63.351,10.050,25.914,181.876,9.329,505.212,,1.374,8.995,100.418,1216.749,,,23721.506,-19.402,-5.210,421.956,21.643,,64.515,4.349,1.392,,1.575,0.067,27.135,,84.796,,,0.231,,1895.402,-13.442,-21.668,140.063,979.636,50.249,2730.634,,7.426,,0.000,0.000,0.000,0.000,0.000,,0.000,,0.000,0.000,0.000,0.000,0.000,,0.000
France,1972,FRA,51743877,1034024806000,,0.000,0.000,0.000,,,,0.000,,-12.188,-47.539,6619.260,342.506,,,-9.015,-25.441,4962.302,256.769,,17.055,,,,,6.467,122.582,38999.477,1.952,6.240,107.332,,,35315.309,1827.351,,90.992,18.249,20.662,133.888,,,2587.509,5.148,3.938,1554.553,80.439,,6.667,,-0.052,-0.070,135.643,943.715,48.831,2621.430,,6.754,8.997,14.932,180.908,1254.983,64.938,3496.230,,9.008,,,56.405,14.617,40.531,281.985,14.591,783.292,,2.018,11.030,134.209,1350.957,,,26108.541,-20.258,-4.385,333.545,17.259,,67.270,4.735,1.515,,8.864,0.386,29.283,,91.508,,,0.236,,2017.984,0.195,0.315,140.378,972.997,50.347,2712.938,,6.990,,0.000,0.000,0.000,0.000,0.000,,0.000,,0.000,0.000,0.000,0.000,0.000,,0.000
France,1973,FRA,52162210,1090179853000,,0.000,0.000,0.000,,,,0.000,,-0.509,-1.744,6532.736,340.762,,,-13.316,-34.191,4267.040,222.578,,15.616,,,,,8.607,173.682,42016.352,2.010,9.657,176.473,,,38415.246,2003.824,,91.829,17.290,23.149,157.036,,,3010.542,0.386,0.310,1548.035,80.749,,7.196,,-2.325,-3.153,132.490,914.383,47.696,2539.954,,6.072,-1.448,-2.600,178.309,1226.891,63.997,3418.349,,8.171,,,1.097,0.444,40.975,282.791,14.751,785.530,,1.878,11.478,155.068,1506.026,,,28871.967,-15.499,-2.675,279.590,14.584,,69.016,4.844,1.550,,2.303,0.109,29.717,,92.865,,,0.222,,2191.666,-2.185,-3.044,137.334,944.100,49.246,2632.818,,6.294,,0.000,0.000,0.000,0.000,0.000,,0.000,,0.000,0.000,0.000,0.000,0.000,,0.000
France,1974,FRA,52504744,1122228380000,,0.000,0.000,0.000,,,,0.000,,0.770,2.625,6540.113,343.387,,,-10.201,-22.705,3806.760,199.873,,16.044,,,,,-1.838,-40.285,40974.973,1.917,-3.268,-65.490,,,36917.309,1938.334,,90.563,4.408,6.923,163.959,,,3122.751,1.087,0.877,1554.648,81.626,,7.661,,17.892,23.706,156.195,1070.956,56.230,2974.879,,7.298,13.313,23.676,201.985,1381.158,72.517,3846.979,,9.437,,,-0.278,-0.114,40.861,280.165,14.710,778.237,,1.909,-4.983,-75.038,1430.988,,,27254.445,-13.876,-2.024,239.224,12.560,,66.859,4.928,1.577,,1.740,0.084,30.037,,93.864,,,0.230,,2151.380,17.384,23.790,161.124,1100.993,57.807,3068.743,,7.528,,0.000,0.000,0.000,0.000,0.000,,0.000,,0.000,0.000,0.000,0.000,0.000,,0.000
France,1975,FRA,52746324,1114332615000,,0.000,0.000,0.000,,,,0.000,,-9.915,-34.047,5864.664,309.339,,,-0.932,-1.863,3754.011,198.010,,15.297,,,,,-5.450,-117.259,38564.234,1.825,-7.132,-138.249,,,34127.203,1800.084,,89.018,11.534,18.911,182.870,,,3466.971,-3.776,-3.082,1489.100,78.545,,9.043,,6.896,10.771,166.966,1139.566,60.108,3165.462,,8.257,10.004,20.095,222.080,1512.367,79.772,4210.341,,10.982,,,24.052,9.828,50.689,345.958,18.248,960.994,,2.507,-8.603,-123.113,1307.875,,,24795.566,-4.815,-0.605,226.663,11.956,,64.677,4.425,1.416,,-10.220,-0.504,26.843,,83.885,,,0.219,,2034.122,6.429,10.268,171.391,1166.410,61.524,3249.347,,8.476,,0.000,0.000,0.000,0.000,0.000,,0.000,,0.000,0.000,0.000,0.000,0.000,,0.000
France,1976,FRA,52959120,1162522935000,,0.000,0.000,0.000,,,,0.000,,13.284,41.093,6617.042,350.433,,,-2.182,-4.321,3657.331,193.689,,16.341,,,,,5.908,120.178,40678.547,1.853,8.977,161.585,,,37041.207,1961.670,,91.472,7.428,13.583,196.453,,,3709.526,-5.477,-4.302,1401.889,74.243,,9.161,,-19.204,-32.065,134.902,917.021,48.565,2547.281,,6.290,-17.671,-39.185,182.895,1240.117,65.676,3453.510,,8.528,,,-13.536,-6.861,43.828,297.928,15.778,827.577,,2.044,8.174,106.909,1414.784,,,26714.641,2.821,0.337,232.121,12.293,,65.971,4.165,1.333,,-5.861,-0.259,25.168,,78.651,,,0.194,,2154.300,-18.897,-32.324,139.067,942.190,49.898,2625.932,,6.485,,0.000,0.000,0.000,0.000,0.000,,0.000,,0.000,0.000,0.000,0.000,0.000,,0.000
France,1977,FRA,53197133,1205940906000,,0.000,0.000,0.000,,,,0.000,,0.658,2.305,6630.757,352.737,,,-2.735,-5.298,3541.373,188.391,,16.160,,,,,2.011,43.323,41310.926,1.822,-2.295,-45.029,,,36029.023,1916.641,,87.807,4.394,8.632,205.085,,,3855.194,9.513,7.063,1528.379,81.305,,9.396,,57.158,77.107,212.008,1434.720,76.323,3985.332,,9.713,45.623,83.245,266.140,1797.814,95.639,5002.900,,12.193,,,13.709,6.008,49.836,337.255,17.941,936.819,,2.283,-3.956,-55.965,1358.818,,,25543.074,-2.365,-0.291,225.617,12.002,,62.252,4.296,1.375,,3.127,0.130,25.839,,80.748,,,0.197,,2197.623,55.714,77.237,216.304,1460.559,77.698,4066.080,,9.910,,0.000,0.000,0.000,0.000,0.000,,0.000,,0.000,0.000,0.000,0.000,0.000,,0.000
France,1978,FRA,53429668,1239356196000,,0.000,0.000,0.000,,,,0.000,,-0.671,-2.366,6557.608,350.371,,,-7.838,-14.766,3249.594,173.625,,15.475,,,,,3.670,80.655,42640.688,1.838,3.577,68.562,,,37155.441,1985.203,,87.681,6.677,13.694,218.779,,,4094.719,0.158,0.128,1524.131,81.434,,9.663,,-10.433,-22.120,189.888,1279.436,68.360,3553.988,,8.387,4.801,12.770,278.910,1875.928,100.230,5220.129,,12.319,,,69.734,34.753,84.589,569.945,30.452,1583.182,,3.736,4.212,57.234,1416.053,,,26503.115,7.074,0.849,240.525,12.851,,62.543,4.432,1.418,,3.187,0.137,26.547,,82.959,,,0.196,,2278.278,-10.193,-21.983,194.321,1305.983,69.778,3636.947,,8.583,,0.000,0.000,0.000,0.000,0.000,,0.000,,0.000,0.000,0.000,0.000,0.000,,0.000
France,1979,FRA,53660898,1279104536000,,0.000,0.000,0.000,,,,0.000,,7.640,26.768,7028.194,377.139,,,-5.837,-10.134,3046.740,163.491,,16.198,,,,,2.827,64.404,43657.156,1.832,2.164,42.954,,,37795.812,2028.157,,87.109,10.786,23.596,242.376,,,4516.808,2.089,1.701,1549.270,83.135,,10.410,,-2.839,-5.391,184.498,1237.757,66.419,3438.213,,7.924,7.615,21.225,300.135,2010.088,107.863,5593.181,,12.891,,,31.223,26.411,111.000,744.676,39.960,2068.545,,4.767,-0.523,-7.411,1408.642,,,26250.809,8.326,1.070,259.427,13.921,,60.501,4.638,1.484,,4.627,0.205,27.655,,86.423,,,0.199,,2342.682,-2.687,-5.186,189.135,1265.412,67.903,3524.636,,8.123,,0.000,0.000,0.000,0.000,0.000,,0.000,,0.000,0.000,0.000,0.000,0.000,,0.000
France,1980,FRA,53941061,1297124070000,,0.000,0.000,0.000,,,,0.000,,1.431,5.396,7091.730,382.535,,,1.808,2.956,3085.719,166.447,,16.552,,,,,-0.654,-15.327,43146.258,1.794,-4.185,-84.888,,,36025.781,1943.269,,84.083,3.855,9.344,251.720,,,4666.570,-1.601,-1.331,1516.547,81.804,,10.892,,4.679,8.632,193.130,1288.939,69.527,3580.387,,8.356,22.608,67.733,367.868,2451.727,132.249,6819.823,,15.917,,,53.281,59.142,170.142,1135.517,61.251,3154.214,,7.362,-7.073,-99.628,1309.014,,,24267.480,105.604,14.701,530.623,28.622,,56.639,4.597,1.471,,-0.875,-0.041,27.271,,85.222,,,0.199,,2327.355,4.557,8.592,197.727,1316.210,70.998,3665.608,,8.555,,0.000,0.000,0.000,0.000,0.000,,0.000,,0.000,0.000,0.000,0.000,0.000,,0.000
France,1981,FRA,54255004,1310463345000,,0.000,0.000,0.000,,,,0.000,,-11.482,-43.921,6241.168,338.615,,,1.068,1.778,3100.626,168.225,,14.892,,,,,-1.469,-34.179,42266.633,1.750,-8.604,-167.200,,,32735.576,1776.069,,78.109,1.588,3.997,255.717,,,4713.243,-5.729,-4.687,1421.386,77.117,,11.246,,3.838,7.412,200.542,1330.664,72.195,3696.288,,8.820,35.361,129.909,497.777,3299.480,179.013,9174.772,,21.891,,,71.958,122.431,292.572,1941.314,105.326,5392.539,,12.867,-9.723,-127.276,1181.737,,,21781.164,18.930,5.418,627.419,34.041,,51.971,4.663,1.492,,1.436,0.066,27.503,,85.946,,,0.205,,2293.176,3.788,7.478,205.205,1358.166,73.687,3782.234,,9.025,,0.000,0.000,0.000,0.000,0.000,,0.000,,0.000,0.000,0.000,0.000,0.000,,0.000
France,1982,FRA,54582405,1343411640000,,0.000,0.000,0.000,,,,0.000,,2.686,9.096,6370.382,347.711,,,-6.833,-11.495,2871.432,156.730,,15.868,,,,,-3.605,-82.673,40498.457,1.645,-4.965,-88.189,,,30923.508,1687.879,,77.028,-3.889,-9.945,245.772,,,4502.774,-7.380,-5.691,1308.592,71.426,,11.216,,-2.244,-4.501,196.041,1292.996,70.575,3591.657,,8.947,1.122,5.590,503.367,3316.475,181.021,9222.147,,22.972,,,3.411,9.981,302.553,1995.496,108.919,5543.046,,13.807,-7.391,-87.341,1094.396,,,20050.352,-9.654,-3.286,563.446,30.754,,49.944,4.773,1.527,,2.358,0.110,27.982,,87.445,,,0.218,,2210.503,-2.151,-4.391,200.814,1320.979,72.102,3679.102,,9.164,,0.000,0.000,0.000,0.000,0.000,,0.000,,0.000,0.000,0.000,0.000,0.000,,0.000
France,1983,FRA,54889407,1359074700000,,0.000,0.000,0.000,,,,0.000,,-10.769,-37.446,5652.537,310.264,,,-1.368,-2.144,2816.302,154.585,,13.859,,,,,2.235,49.396,41171.859,1.663,-2.823,-47.641,,,29882.604,1640.238,,73.266,6.522,16.030,261.803,,,4769.637,1.133,0.809,1316.017,72.235,,11.694,,-1.604,-3.144,192.897,1265.144,69.443,3514.289,,8.616,18.916,95.126,598.493,3921.753,215.263,10903.619,,26.734,,,32.448,98.172,400.725,2628.212,144.261,7300.588,,17.900,-2.396,-26.225,1068.172,,,19460.432,2.043,0.628,571.742,31.383,,47.713,4.871,1.559,,2.053,0.098,28.397,,88.741,,,0.218,,2259.899,-1.526,-3.046,197.768,1293.541,71.002,3603.030,,8.834,,0.000,0.000,0.000,0.000,0.000,,0.000,,0.000,0.000,0.000,0.000,0.000,,0.000
France,1984,FRA,55176626,1379095674000,,0.000,0.000,0.000,,,,0.000,,-3.430,-10.642,5430.248,299.623,,,-2.247,-3.473,2738.693,151.112,,12.941,,,,,3.481,78.675,42383.414,1.696,-2.665,-43.718,,,28934.725,1596.521,,68.956,1.982,5.189,266.992,,,4838.861,-4.915,-3.550,1244.824,68.685,,11.532,,-5.404,-10.425,182.473,1190.542,65.690,3307.062,,7.881,20.107,120.255,718.748,4685.796,258.546,13026.308,,31.044,,,32.561,130.481,531.206,3465.852,191.234,9627.365,,22.944,-3.582,-38.266,1029.906,,,18665.617,0.274,0.086,570.324,31.469,,44.483,5.070,1.622,,4.080,0.199,29.402,,91.881,,,0.219,,2338.574,-5.196,-10.226,187.542,1219.944,67.312,3398.943,,8.100,,0.000,0.000,0.000,0.000,0.000,,0.000,,0.000,0.000,0.000,0.000,0.000,,0.000
France,1985,FRA,55467153,1398409950000,,0.000,0.000,0.000,,,,0.000,,-2.355,-7.057,5274.569,292.565,747.163,41.443,-7.685,-11.613,2514.988,139.499,12.031,12.237,,,344.465,18.334,3.287,76.872,43547.309,1.727,-0.333,-5.321,931.326,51.658,28687.236,1591.199,14.997,66.554,7.041,18.799,285.792,56.844,3.153,5152.446,-15.372,-10.558,1047.954,58.127,0.915,11.954,,-5.745,-10.484,171.989,1116.264,61.916,3100.734,17.975,7.194,11.264,80.904,799.652,5186.279,287.668,14416.674,83.511,33.446,,,17.186,91.294,622.500,4040.229,224.100,11222.858,65.057,26.037,-1.657,-17.063,1012.843,127.319,7.062,18260.223,25.203,7.931,710.325,39.400,2.050,42.363,5.163,1.652,,1.840,0.093,29.786,,93.082,0.480,,0.216,6210.260,2415.445,-5.563,-10.390,177.152,1146.050,63.568,3193.816,18.454,7.410,,0.000,0.000,0.000,0.000,0.000,0.000,0.000,,0.000,0.000,0.000,0.000,0.000,0.000,0.000
France,1986,FRA,55752833,1431625550000,,0.000,0.000,0.000,,,,0.000,,-17.883,-52.319,4309.128,240.246,558.662,31.147,-3.407,-4.753,2416.856,134.747,8.581,9.823,,,362.996,19.316,2.348,56.719,44341.496,1.727,-1.903,-30.273,707.300,39.434,27997.250,1560.926,10.863,63.824,0.568,1.624,287.415,51.118,2.850,5155.168,-21.287,-12.374,820.648,45.753,0.785,11.752,,0.916,1.575,173.564,1120.714,62.483,3113.095,17.213,7.097,10.649,85.094,884.746,5709.141,318.301,15869.081,87.687,36.176,,,13.411,83.486,705.986,4558.603,254.155,12662.784,70.016,28.867,2.016,20.422,1033.265,97.520,5.437,18532.953,12.378,4.877,794.156,44.276,1.498,42.249,5.196,1.663,,0.645,0.033,29.824,,93.202,0.458,,0.212,6510.799,2472.164,0.909,1.608,178.760,1150.539,64.146,3206.297,17.671,7.309,,0.000,0.000,0.000,0.000,0.000,0.000,0.000,,0.000,0.000,0.000,0.000,0.000,0.000,0.000
France,1987,FRA,56048366,1467808684000,,0.000,0.000,0.000,,,,0.000,,-4.484,-10.773,4094.190,229.473,490.630,27.499,-9.659,-13.015,2171.908,121.732,7.266,9.181,,,378.486,19.938,2.260,55.868,45104.480,1.722,-0.023,-0.361,637.021,35.704,27843.191,1560.565,9.433,62.437,1.183,3.401,290.816,43.462,2.436,5188.662,-7.218,-3.303,757.397,42.451,0.644,11.635,,12.827,22.264,195.828,1257.807,70.498,3493.907,18.626,7.835,6.116,54.108,938.854,6026.377,337.769,16750.781,89.242,37.563,,,4.472,31.569,737.555,4737.337,265.520,13159.269,70.153,29.509,0.679,7.012,1040.277,102.929,5.769,18560.340,4.975,2.203,829.268,46.479,1.524,41.621,5.471,1.751,,5.280,0.274,31.234,,97.605,0.463,,0.219,6752.852,2528.032,12.632,22.538,201.298,1289.040,72.249,3591.512,19.089,8.054,,0.000,0.000,0.000,0.000,0.000,0.000,0.000,,0.000,0.000,0.000,0.000,0.000,0.000,0.000
France,1988,FRA,56361846,1532315565000,,0.000,0.000,0.000,,,,0.000,,-2.228,-5.113,3980.703,224.360,444.432,25.049,-12.583,-15.318,1888.046,106.414,6.389,8.864,,,392.087,20.619,1.323,33.439,45446.906,1.672,-0.822,-12.824,587.153,33.093,27460.799,1547.741,8.440,61.147,-0.500,-1.455,289.361,42.830,2.414,5133.992,-17.546,-7.448,621.034,35.003,0.616,11.432,,8.545,16.733,212.561,1357.692,76.522,3771.365,19.517,8.398,4.751,44.585,983.439,6277.584,353.816,17448.658,90.239,38.853,,,3.767,27.781,765.336,4888.431,275.521,13578.975,70.270,30.236,-0.601,-6.256,1034.020,99.890,5.630,18346.104,2.982,1.386,849.250,47.865,1.436,40.851,5.541,1.773,,1.294,0.071,31.462,,98.318,0.452,,0.219,6956.607,2561.471,8.369,16.804,218.103,1389.153,78.295,3869.684,19.969,8.617,,0.000,0.000,0.000,0.000,0.000,0.000,0.000,,0.000,0.000,0.000,0.000,0.000,0.000,0.000
France,1989,FRA,56685081,1594471896000,,0.000,0.000,0.000,,,,0.000,,7.986,17.917,4274.083,242.277,571.755,32.410,-2.681,-2.853,1826.945,103.561,8.005,9.439,,,404.850,20.874,1.242,31.819,45749.082,1.626,2.543,39.357,831.118,47.112,27998.521,1587.099,11.637,61.835,-2.147,-6.213,283.148,52.465,2.974,4995.102,-3.791,-1.327,594.082,33.676,0.735,11.032,,-39.054,-83.014,129.547,822.738,46.637,2285.385,11.520,5.047,-0.398,-3.884,979.555,6216.970,352.409,17280.641,87.047,38.165,,,10.311,78.917,844.253,5361.746,303.931,14893.738,75.072,32.893,2.674,27.654,1061.674,206.897,11.728,18729.336,-2.899,-1.388,819.930,46.478,2.897,41.364,5.755,1.841,,3.846,0.213,32.486,,101.518,0.455,,0.224,7142.091,2593.291,-38.083,-82.801,135.302,855.224,48.478,2386.902,11.974,5.272,,0.000,0.000,0.000,0.000,0.000,0.000,0.000,,0.000,0.000,0.000,0.000,0.000,0.000,0.000
France,1990,FRA,56990239,1636207672000,,0.000,0.000,0.000,24.741,1.410,0.339,0.000,104.250,-4.894,-11.858,4043.132,230.419,552.200,31.470,-12.626,-13.075,1587.730,90.485,7.564,8.790,370.600,6502.868,416.040,21.206,2.180,56.533,46496.090,1.619,0.386,6.127,830.669,47.340,27956.107,1593.225,11.379,60.780,6.924,19.606,302.754,53.167,3.030,5312.375,-3.314,-1.116,571.316,32.559,0.728,11.550,,15.501,20.081,149.628,924.895,52.710,2625.498,12.669,5.708,4.952,48.499,1028.054,6469.529,368.700,18039.121,88.621,39.220,-45.440,-12.261,3.340,28.194,872.447,5511.119,314.080,15308.712,75.493,33.283,-0.153,-1.621,1060.053,225.302,12.840,18600.600,-6.418,-2.983,763.198,43.495,3.086,40.440,5.978,1.910,0.500,3.886,0.224,33.515,8.773,104.897,0.459,0.120,0.228,7300.198,2649.823,15.060,20.305,155.607,958.410,54.620,2730.409,13.129,5.936,,0.000,0.000,0.000,0.000,0.000,0.000,0.000,,0.001,0.001,0.000,0.000,0.013,0.000,0.000
France,1991,FRA,57271564,1654070164992,,0.000,0.000,0.000,27.762,1.590,0.353,0.000,121.690,6.002,13.830,4264.758,244.249,691.617,39.610,-4.525,-4.094,1508.447,86.391,8.796,8.711,397.450,6939.744,450.340,21.376,6.957,184.353,49486.617,1.713,7.766,123.729,1057.593,60.570,29979.168,1716.954,13.450,61.234,9.550,28.913,331.666,53.255,3.050,5791.115,13.077,4.258,642.852,36.817,0.677,11.829,,6.936,10.378,160.006,983.385,56.320,2793.804,12.506,5.706,5.728,58.911,1086.964,6805.646,389.770,18979.131,86.550,38.766,-52.890,-13.307,5.495,47.942,920.389,5785.419,331.340,16070.608,73.576,32.825,7.640,80.986,1141.038,312.721,17.910,19923.295,-3.969,-1.726,729.308,41.769,3.977,40.694,6.569,2.110,0.520,9.880,0.591,36.842,9.080,114.695,0.469,0.115,0.234,7863.239,2834.176,7.037,10.969,166.576,1020.227,58.430,2908.523,12.975,5.941,,0.000,0.000,0.000,0.000,0.000,0.000,0.000,80.316,0.001,0.001,0.000,0.000,0.024,0.000,0.000
France,1992,FRA,57554867,1681416991070,,0.072,1.259,0.072,28.147,1.620,0.353,0.003,101.890,-11.482,-28.044,3756.505,216.205,594.737,34.230,-7.864,-6.794,1382.983,79.597,7.465,7.653,404.740,7032.246,458.540,21.888,0.839,23.765,49655.938,1.700,-1.756,-30.148,876.902,50.470,29307.787,1686.806,11.007,59.705,-0.204,-0.676,330.990,55.252,3.180,5750.860,-2.209,-0.813,625.554,36.004,0.694,11.716,,19.711,31.539,191.544,1172.447,67.480,3328.032,14.716,6.780,4.748,51.452,1138.416,7090.104,408.070,19779.668,88.993,40.295,-53.800,-13.292,2.144,19.736,940.125,5880.476,338.450,16334.413,73.810,33.276,-0.125,-1.428,1139.611,226.914,13.060,19800.422,2.147,0.897,741.297,42.665,2.848,40.337,6.669,2.140,0.520,1.522,0.100,37.182,9.035,115.868,0.467,0.113,0.236,7967.007,2857.941,19.194,31.715,198.291,1209.628,69.620,3445.254,15.183,7.019,,0.004,0.004,0.000,0.000,0.072,0.000,0.000,0.000,0.000,0.001,0.000,0.000,0.024,0.000,0.000
France,1993,FRA,57801261,1671995828699,399.575,0.289,6.261,0.362,25.605,1.480,0.316,0.013,68.750,-21.200,-45.837,2947.490,170.369,362.622,20.960,-8.049,-6.407,1266.247,73.191,4.478,6.041,406.640,7035.141,468.070,22.895,-0.142,-4.053,49374.152,1.707,-4.519,-76.226,598.776,34.610,27864.098,1610.580,7.394,57.110,2.273,7.525,338.515,60.552,3.500,5856.529,3.605,1.298,645.343,37.302,0.748,12.004,,-5.889,-11.281,180.264,1095.132,63.300,3118.684,13.524,6.392,6.302,71.134,1209.550,7499.144,433.460,20926.018,92.606,42.890,-61.430,-15.107,8.788,82.619,1022.744,6369.930,368.190,17694.154,78.661,36.266,-3.327,-37.914,1101.697,175.602,10.150,19060.080,-4.692,-2.002,703.507,40.664,2.168,39.065,6.169,1.970,0.490,-7.498,-0.500,34.082,8.477,106.723,0.421,0.105,0.219,8097.920,2853.888,-5.522,-11.485,186.806,1129.214,65.270,3231.865,13.944,6.624,13.105,0.001,0.005,0.000,0.000,0.081,0.000,0.000,390.637,0.005,0.007,0.000,0.000,0.115,0.000,0.000
France,1994,FRA,57999868,1712086429935,202.173,0.732,18.854,1.094,28.621,1.660,0.351,0.039,67.270,-0.872,-1.486,2911.772,168.882,360.346,20.900,-11.906,-8.714,1111.668,64.477,4.420,6.055,409.670,7063.292,472.840,23.612,-1.021,-29.129,48702.859,1.650,-2.997,-48.264,580.519,33.670,26936.553,1562.317,7.121,56.017,-4.539,-15.364,323.150,62.586,3.630,5571.569,3.216,1.200,663.819,38.501,0.768,11.587,,21.418,38.608,218.872,1328.106,77.030,3773.667,16.291,7.848,1.518,17.122,1226.672,7571.914,439.170,21149.562,92.879,43.983,-63.170,-15.420,-2.229,-22.797,999.947,6206.566,359.980,17240.508,76.131,35.853,-2.851,-31.413,1070.284,157.587,9.140,18453.211,1.782,0.725,713.594,41.388,1.933,38.375,6.741,2.160,0.500,9.271,0.572,37.241,8.621,116.218,0.457,0.106,0.242,8152.432,2824.760,22.036,39.919,226.725,1365.348,79.190,3909.055,16.748,8.129,11.616,0.001,0.005,0.000,0.000,0.090,0.000,0.000,95.822,0.006,0.013,0.000,0.000,0.225,0.000,0.000
France,1995,FRA,58192207,1748659531786,58.925,0.644,29.865,1.738,31.276,1.820,0.372,0.061,73.460,6.516,11.004,3091.242,179.886,415.520,24.180,-4.789,-3.088,1054.927,61.389,4.941,6.271,419.570,7210.072,489.410,23.746,2.812,79.438,49906.992,1.661,2.949,46.078,661.944,38.520,27639.344,1608.394,7.871,56.073,6.445,20.828,343.978,65.988,3.840,5911.070,-6.178,-2.379,620.747,36.123,0.785,11.992,,-7.202,-15.764,203.108,1225.766,71.330,3490.301,14.575,7.081,2.803,33.335,1260.007,7748.289,450.890,21652.502,92.129,43.927,-69.840,-16.646,4.792,47.917,1047.864,6482.483,377.230,18006.943,77.079,36.531,1.331,14.246,1084.530,180.437,10.500,18637.031,-10.090,-4.176,639.473,37.212,2.145,37.810,7.278,2.330,0.510,7.974,0.537,40.040,8.764,125.070,0.476,0.104,0.254,8410.232,2904.198,-5.921,-14.582,212.143,1265.805,73.660,3645.560,15.051,7.396,8.597,0.000,0.006,0.000,0.000,0.097,0.000,0.000,0.217,0.000,0.013,0.000,0.000,0.225,0.000,0.000
France,1996,FRA,58380638,1773843233893,49.895,0.867,44.622,2.605,33.059,1.930,0.380,0.088,79.230,5.106,9.185,3238.586,189.071,480.296,28.040,-0.892,-0.547,1042.147,60.841,5.522,6.352,438.980,7519.274,507.790,23.659,3.724,108.150,51598.414,1.698,4.404,70.835,742.541,43.350,28763.461,1679.229,8.537,56.414,10.515,36.168,380.147,70.571,4.120,6511.517,-13.849,-5.003,533.053,31.120,0.811,12.771,,-9.676,-19.653,183.456,1107.730,64.670,3142.404,12.736,6.163,3.080,37.376,1297.383,7955.377,464.440,22222.824,91.463,43.586,-68.810,-15.675,5.331,55.858,1103.722,6806.023,397.340,18905.621,78.249,37.080,2.350,25.482,1110.012,191.673,11.190,19013.357,-11.732,-4.366,562.625,32.846,2.204,37.291,7.572,2.420,0.490,4.036,0.294,41.452,8.393,129.698,0.477,0.096,0.254,8697.918,3012.348,-7.916,-18.483,193.661,1149.354,67.100,3317.204,13.214,6.506,29.917,0.002,0.007,0.000,0.000,0.126,0.000,0.000,57.613,0.008,0.021,0.171,0.010,0.354,0.002,0.001
France,1997,FRA,58568662,1816394950229,30.777,0.802,58.168,3.407,36.880,2.160,0.433,0.116,70.860,-12.087,-22.853,2837.997,166.218,378.701,22.180,-17.473,-10.631,857.288,50.210,4.442,5.672,433.910,7408.569,499.310,23.702,-1.549,-46.669,50635.941,1.633,-2.160,-36.277,666.568,39.040,28051.727,1642.952,7.819,56.065,-4.124,-15.677,364.469,83.662,4.900,6222.940,-11.595,-3.608,469.733,27.512,0.981,12.437,,-3.452,-6.333,177.122,1060.465,62.110,3024.180,12.439,6.044,-0.657,-9.890,1287.493,7858.639,460.270,21982.619,92.181,43.935,-65.400,-15.072,-0.467,-5.158,1098.564,6752.417,395.480,18756.854,79.205,37.488,0.203,2.253,1112.265,204.205,11.960,18990.789,-17.619,-5.787,462.007,27.059,2.395,37.956,8.359,2.670,0.510,10.400,0.787,45.588,8.708,142.728,0.535,0.102,0.285,8525.207,2965.679,-1.719,-4.732,188.929,1106.223,64.790,3225.766,12.976,6.447,28.544,0.002,0.009,0.000,0.000,0.162,0.000,0.000,49.773,0.010,0.031,0.171,0.010,0.528,0.002,0.001
France,1998,FRA,58778817,1882050330390,-14.133,-0.482,49.768,2.925,36.238,2.130,0.421,0.097,96.750,18.436,30.644,3349.188,196.861,570.444,33.530,-17.215,-8.644,707.165,41.566,6.627,6.556,448.370,7628.088,505.930,23.043,2.412,71.542,51672.051,1.614,5.981,98.270,927.205,54.500,29623.295,1741.222,10.772,57.988,6.619,24.125,388.595,84.554,4.970,6611.136,-13.636,-3.752,404.228,23.760,0.982,12.941,,-2.621,-4.642,172.481,1033.876,60.770,2934.400,12.012,5.744,-2.076,-25.981,1261.512,7680.147,451.430,21462.016,89.228,42.012,-57.560,-12.838,-1.895,-20.814,1077.750,6600.847,387.990,18335.686,76.688,35.892,3.911,43.501,1155.766,272.207,16.000,19662.971,-10.531,-2.850,411.877,24.210,3.162,38.490,8.291,2.650,0.520,-0.822,-0.069,45.084,8.847,141.048,0.524,0.103,0.276,8607.353,3037.222,-3.100,-5.167,183.762,1079.300,63.440,3126.331,12.539,6.120,20.010,0.002,0.011,0.000,0.000,0.193,0.000,0.000,75.202,0.023,0.054,0.340,0.020,0.921,0.004,0.002
France,1999,FRA,59084209,1949849405155,4.348,0.127,51.664,3.053,39.604,2.340,0.450,0.100,87.370,-10.334,-20.344,2987.556,176.517,495.564,29.280,-10.567,-4.392,629.170,37.174,5.636,5.804,456.400,7724.568,519.540,23.576,1.343,40.794,52095.410,1.579,-0.493,-8.585,873.161,51.590,29324.879,1732.637,9.930,56.971,1.960,7.617,396.212,130.322,7.700,6705.878,-9.161,-2.177,365.298,21.583,1.482,13.028,,16.783,28.947,201.428,1198.628,70.820,3409.164,13.631,6.623,3.735,47.121,1308.633,7920.052,467.950,22148.615,90.070,43.029,-63.140,-13.834,1.612,17.372,1095.122,6672.510,394.240,18534.939,75.883,36.009,0.358,4.142,1159.908,247.274,14.610,19631.443,-7.289,-1.765,379.880,22.445,2.812,38.139,8.916,2.850,0.510,7.539,0.625,48.236,8.632,150.897,0.549,0.098,0.293,8793.212,3078.016,15.904,29.749,213.511,1247.541,73.710,3613.676,14.188,7.020,11.227,0.001,0.013,0.000,0.000,0.214,0.000,0.000,89.486,0.048,0.103,0.677,0.040,1.737,0.008,0.003
France,2000,FRA,59483716,2031676031476,19.585,0.598,61.368,3.650,41.692,2.480,0.466,0.118,79.770,-3.035,-5.357,2877.439,171.161,453.906,27.000,-31.412,-11.677,428.636,25.497,5.070,5.555,463.080,7784.987,532.560,24.022,1.296,39.893,52416.180,1.535,-0.135,-2.331,833.337,49.570,29088.740,1730.306,9.308,56.160,4.985,19.752,415.964,193.498,11.510,6992.897,-9.865,-2.129,327.050,19.454,2.161,13.501,42.480,-8.483,-17.086,184.342,1089.037,64.780,3099.027,12.164,5.983,3.281,42.065,1350.699,8119.701,482.990,22707.035,90.692,43.840,-69.480,-15.004,5.306,58.105,1153.228,6979.389,415.160,19387.283,77.956,37.430,-1.442,-16.726,1143.182,185.933,11.060,19218.404,-3.907,-0.877,362.587,21.568,2.077,37.104,9.331,2.990,0.510,4.662,0.416,50.266,8.574,156.871,0.561,0.096,0.303,8953.038,3117.909,-6.893,-16.040,197.471,1140.312,67.830,3319.751,12.737,6.409,14.860,0.002,0.015,0.168,0.010,0.244,0.002,0.000,29.925,0.031,0.133,0.841,0.050,2.242,0.009,0.004
France,2001,FRA,59905131,2077786711965,1.373,0.050,61.773,3.700,47.575,2.850,0.525,0.119,68.630,-15.848,-27.125,2404.397,144.036,341.874,20.480,-34.996,-8.923,276.671,16.574,3.774,4.637,474.210,7916.016,542.600,24.398,0.806,25.137,52467.066,1.513,-0.418,-7.241,758.366,45.430,28763.240,1723.066,8.373,55.477,4.981,20.720,436.684,252.900,15.150,7289.592,2.823,0.549,333.916,20.003,2.792,14.060,37.240,11.912,20.819,205.160,1212.250,72.620,3424.752,13.384,6.605,2.929,32.153,1382.852,8299.289,497.170,23084.027,91.627,44.523,-68.390,-14.422,1.425,9.966,1163.193,7029.114,421.080,19417.258,77.604,37.451,-0.073,-0.836,1142.346,163.592,9.800,19069.250,-3.434,-0.741,347.672,20.827,1.806,36.780,10.419,3.330,0.480,11.654,1.088,55.588,8.013,173.921,0.614,0.088,0.335,9057.654,3143.046,11.481,22.187,219.658,1270.175,76.090,3666.771,14.023,7.072,17.944,0.003,0.017,0.167,0.010,0.284,0.002,0.001,172.917,0.229,0.362,2.170,0.130,6.041,0.024,0.012
France,2002,FRA,60327247,2107316572579,4.849,0.179,64.315,3.880,50.392,3.040,0.551,0.126,75.210,7.326,10.552,2562.485,154.588,392.194,23.660,-27.661,-4.585,198.741,11.990,4.292,5.017,474.210,7860.627,551.240,24.981,-0.768,-24.127,51700.012,1.480,-1.145,-19.722,858.484,51.790,28235.068,1703.344,9.395,55.284,-0.170,-0.741,435.943,304.506,18.370,7226.299,-2.471,-0.494,323.387,19.509,3.332,14.149,41.460,-18.677,-39.689,165.471,976.010,58.880,2742.894,10.681,5.371,0.464,-5.099,1377.753,8279.012,499.450,22837.982,90.605,44.716,-77.030,-16.244,3.725,33.409,1196.603,7239.847,436.760,19835.195,79.232,38.837,-2.585,-29.532,1112.813,161.784,9.760,18446.283,-3.027,-0.631,334.788,20.197,1.771,36.117,11.053,3.530,0.490,6.089,0.634,58.514,8.122,183.219,0.640,0.089,0.359,9137.496,3118.919,-16.397,-38.509,181.150,1039.166,62.690,3002.785,11.373,5.879,15.306,0.002,0.019,0.166,0.010,0.323,0.002,0.001,102.290,0.364,0.726,4.476,0.270,12.035,0.049,0.024
France,2003,FRA,60741119,2130940712046,-8.113,-0.315,58.694,3.565,53.176,3.230,0.578,0.114,80.860,5.968,9.226,2696.921,163.814,432.327,26.260,9.883,1.185,216.894,13.174,4.697,5.256,492.720,8111.803,559.130,24.915,1.094,34.122,51909.512,1.480,2.037,34.703,931.659,56.590,28614.008,1738.047,10.121,55.765,4.892,21.326,457.268,318.894,19.370,7528.150,-13.657,-2.664,277.320,16.845,3.464,14.671,45.210,-2.407,-4.864,160.608,944.171,57.350,2644.133,10.257,5.153,0.564,0.940,1378.692,8273.473,502.540,22697.842,89.879,44.235,-66.410,-13.478,0.987,5.223,1201.826,7261.473,441.070,19786.029,78.885,38.560,0.373,4.151,1116.965,180.438,10.960,18388.938,-12.772,-2.580,290.040,17.617,1.960,35.838,11.616,3.720,0.490,5.089,0.563,61.244,8.067,191.232,0.665,0.088,0.373,9205.132,3153.042,-2.152,-4.283,176.867,1012.000,61.470,2911.813,10.994,5.675,9.345,0.002,0.021,0.165,0.010,0.348,0.002,0.001,46.415,0.331,1.057,6.421,0.390,17.405,0.070,0.034
France,2004,FRA,61175244,2196883540402,9.061,0.323,63.558,3.888,54.107,3.310,0.584,0.124,77.190,-3.732,-6.113,2577.860,157.701,398.364,24.370,-90.783,-11.960,19.850,1.214,4.303,5.015,504.390,8245.002,566.300,24.993,0.859,27.088,51983.934,1.448,0.764,13.280,909.518,55.640,28628.041,1751.327,9.825,55.689,2.112,9.657,466.925,344.093,21.050,7632.584,-13.560,-2.284,238.014,14.561,3.717,14.847,43.710,1.038,0.788,161.396,948.750,58.040,2638.251,10.249,5.132,1.650,14.791,1393.483,8347.494,510.660,22778.547,90.175,44.311,-61.910,-12.274,1.626,12.920,1214.745,7327.147,448.240,19856.811,79.152,38.627,0.872,9.736,1126.701,167.061,10.220,18417.596,-3.196,-0.563,278.777,17.054,1.805,35.827,11.819,3.780,0.470,1.749,0.203,61.790,7.683,193.195,0.667,0.083,0.376,9257.013,3180.130,1.813,1.871,178.738,1020.347,62.420,2921.737,11.022,5.684,8.763,0.002,0.023,0.163,0.010,0.374,0.002,0.001,53.351,0.555,1.612,9.644,0.590,26.358,0.104,0.051
France,2005,FRA,61625031,2238790479440,69.319,2.695,106.830,6.583,55.010,3.390,0.596,0.211,85.530,3.184,5.021,2640.515,162.722,446.410,27.510,-100.000,-1.214,0.000,0.000,4.834,5.219,508.810,8256.548,569.140,25.213,-0.819,-26.051,51181.785,1.409,-0.403,-7.061,1016.308,62.630,28304.520,1744.267,11.004,55.947,2.185,10.201,477.126,374.361,23.070,7742.401,-19.248,-2.803,190.799,11.758,4.053,15.304,48.680,-13.559,-23.009,138.387,813.630,50.140,2245.631,8.810,4.439,-0.316,-20.011,1373.472,8219.226,506.510,22287.572,88.996,44.053,-60.330,-11.857,0.734,-0.958,1213.788,7327.055,451.530,19696.340,79.335,38.932,-1.978,-22.282,1104.419,195.537,12.050,17921.602,-13.125,-2.238,240.421,14.816,2.117,35.424,12.100,3.870,0.480,2.380,0.281,62.799,7.789,196.349,0.680,0.084,0.388,9235.533,3154.079,-7.255,-19.053,159.685,892.170,54.980,2591.232,9.660,5.122,24.299,0.005,0.028,0.162,0.010,0.458,0.002,0.001,61.681,0.974,2.586,15.578,0.960,41.964,0.169,0.083
France,2006,FRA,62049831,2297018080700,21.103,1.389,128.489,7.973,54.472,3.380,0.596,0.258,76.570,-7.587,-12.346,2423.464,150.376,368.897,22.890,,0.000,0.000,0.000,4.035,4.862,503.960,8121.859,567.300,25.415,-0.797,-25.148,50426.094,1.362,-1.791,-31.236,905.724,56.200,27607.334,1713.030,9.907,55.382,-3.421,-16.320,460.805,350.686,21.760,7426.378,10.316,1.213,209.040,12.971,3.836,14.898,43.440,9.369,12.156,150.543,884.450,54.880,2426.159,9.674,4.867,1.179,6.632,1380.104,8236.929,511.100,22241.865,90.093,44.618,-63.340,-12.568,-0.296,-10.068,1203.719,7255.298,450.190,19399.234,79.357,38.916,-0.233,-2.570,1101.849,186.141,11.550,17757.492,-5.652,-0.837,225.280,13.979,2.036,35.622,12.003,3.840,0.460,-0.801,-0.097,61.886,7.413,193.443,0.677,0.081,0.388,9142.651,3128.931,11.768,16.700,176.385,981.630,60.910,2842.630,10.737,5.702,13.383,0.004,0.032,0.161,0.010,0.513,0.002,0.001,126.819,3.248,5.834,35.133,2.180,94.025,0.384,0.189
France,2007,FRA,62432438,2354672057875,101.496,8.092,257.314,16.065,60.065,3.750,0.667,0.528,80.110,3.445,5.180,2491.578,155.555,391.623,24.450,,0.000,0.000,0.000,4.352,5.114,505.030,8089.225,561.840,25.552,-1.698,-53.141,49265.891,1.306,-2.006,-34.357,925.961,57.810,26887.840,1678.673,10.289,55.193,-2.864,-13.196,447.609,352.221,21.990,7169.498,-10.988,-1.425,184.931,11.546,3.914,14.717,45.010,2.311,2.659,153.202,896.809,55.990,2453.887,9.965,5.037,0.231,-17.295,1362.809,8073.207,504.030,21828.539,89.711,44.807,-56.810,-11.249,-2.324,-34.224,1169.495,7043.294,439.730,18732.166,78.266,38.451,-2.391,-26.341,1075.509,182.117,11.370,17226.762,-7.476,-1.045,207.161,12.934,2.024,35.361,13.175,4.220,0.470,9.763,1.172,67.593,7.528,211.028,0.751,0.084,0.433,8999.169,3075.790,16.587,16.929,193.314,1029.913,64.300,3096.374,11.445,6.356,51.184,0.016,0.048,0.320,0.020,0.767,0.004,0.002,86.526,4.990,10.824,65.190,4.070,173.379,0.724,0.356
France,2008,FRA,62780187,2362451821701,62.277,10.005,415.248,26.069,63.237,3.970,0.700,0.856,76.030,-5.220,-8.119,2348.446,147.436,367.313,23.060,,0.000,0.000,0.000,4.067,4.838,518.990,8266.780,566.980,25.743,0.294,9.055,49137.234,1.306,-0.836,-14.026,879.258,55.200,26515.484,1664.647,9.736,54.630,3.632,16.255,463.865,348.518,21.880,7388.708,-13.164,-1.520,159.697,10.026,3.859,15.223,43.110,10.503,14.750,167.952,990.121,62.160,2675.247,10.963,5.512,3.381,19.701,1382.510,8151.935,511.780,22021.432,90.264,45.370,-47.990,-9.247,-0.064,-10.004,1159.491,6999.820,439.450,18469.055,77.507,38.052,-2.061,-22.162,1053.347,163.427,10.260,16778.330,-1.361,-0.176,203.210,12.758,1.810,34.568,13.862,4.440,0.470,5.218,0.687,70.723,7.486,220.810,0.783,0.083,0.455,9031.193,3084.845,21.864,29.705,223.019,1152.115,72.330,3552.378,12.757,7.319,133.333,0.063,0.111,0.637,0.040,1.765,0.007,0.004,39.902,4.199,15.024,90.634,5.690,239.307,1.004,0.493
France,2009,FRA,63106460,2295352990111,6.992,1.823,441.984,27.892,65.445,4.130,0.781,0.970,75.600,-12.773,-18.833,2037.877,128.603,343.388,21.670,,0.000,0.000,0.000,4.097,4.473,502.940,7969.707,528.870,25.276,-5.703,-175.934,46095.289,1.267,-4.688,-78.034,807.841,50.980,25141.854,1586.613,9.639,55.186,-3.569,-16.554,447.311,324.848,20.500,7088.192,-4.893,-0.491,151.098,9.535,3.876,15.558,39.980,-10.463,-18.362,149.591,879.308,55.490,2370.448,10.492,5.203,-5.944,-94.075,1288.434,7572.759,477.890,20416.838,90.361,44.814,-25.930,-5.156,-6.761,-84.068,1075.422,6492.837,409.740,17041.400,77.475,37.405,-4.049,-42.647,1010.699,139.605,8.810,16015.784,-6.919,-0.883,188.171,11.875,1.666,35.154,14.306,4.580,0.450,3.201,0.444,72.576,7.131,226.700,0.866,0.085,0.498,8380.600,2908.910,-2.348,-10.007,213.012,1079.921,68.150,3375.438,12.886,7.409,314.286,0.346,0.457,2.694,0.170,7.237,0.032,0.016,38.953,5.743,20.766,125.344,7.910,329.069,1.496,0.722
France,2010,FRA,63417366,2342490492199,-1.998,-0.557,431.031,27.335,70.012,4.440,0.790,0.923,78.560,7.420,9.543,2178.362,138.146,368.353,23.360,,0.000,0.000,0.000,4.154,4.662,531.650,8383.351,562.360,26.205,3.174,92.320,47325.062,1.281,1.693,26.857,901.330,57.160,25442.096,1613.471,10.164,54.455,10.805,48.334,495.645,374.661,23.760,7815.596,-15.446,-1.473,127.133,8.062,4.225,16.728,44.180,10.036,13.727,163.318,965.035,61.200,2575.284,10.883,5.512,5.276,61.037,1349.471,7966.272,505.200,21279.207,89.836,45.545,-30.710,-5.776,4.585,40.518,1115.940,6757.140,428.520,17596.758,76.200,37.663,-3.069,-31.019,979.680,158.316,10.040,15448.139,-0.348,-0.041,186.598,11.834,1.785,33.064,15.366,4.920,0.480,7.405,1.059,77.581,7.569,242.294,0.875,0.085,0.519,8867.603,3001.231,8.181,20.519,233.531,1209.133,76.680,3682.448,13.635,7.882,256.322,1.158,1.615,9.777,0.620,25.460,0.110,0.054,25.695,5.132,25.898,156.739,9.940,408.381,1.768,0.874
France,2011,FRA,63733776,2393401943613,-1.221,-0.334,423.655,27.001,79.079,5.040,0.888,0.943,74.620,-10.421,-14.396,1941.669,123.750,272.854,17.390,,0.000,0.000,0.000,3.064,4.323,511.240,8021.492,567.650,27.646,-3.449,-103.521,45465.840,1.211,-5.923,-95.569,929.491,59.240,23816.281,1517.902,10.436,53.030,-13.206,-65.454,430.190,462.706,29.490,6749.802,-17.361,-1.400,104.540,6.663,5.195,15.029,42.360,-28.487,-47.130,116.188,717.673,45.740,1823.020,8.058,4.059,0.064,-5.030,1344.441,7977.089,508.410,21094.637,89.564,46.970,-56.410,-11.034,3.236,30.142,1146.082,6941.218,442.390,17982.338,77.934,40.040,-1.604,-15.719,963.961,193.932,12.360,15124.811,-1.353,-0.160,183.159,11.673,2.177,33.677,17.245,5.580,0.540,12.231,1.879,87.552,8.473,270.579,0.983,0.095,0.602,8906.581,2897.710,-12.815,-35.173,198.359,1035.871,66.020,3112.299,11.630,6.930,235.135,3.768,5.383,36.558,2.330,84.461,0.410,0.188,26.305,6.643,32.541,194.089,12.370,510.584,2.179,1.137
France,2012,FRA,64058465,2400896391731,9.475,2.558,461.445,29.559,82.737,5.300,0.934,1.034,77.590,11.151,13.799,2147.247,137.549,335.006,21.460,,0.000,0.000,0.000,3.781,4.812,523.060,8165.354,567.580,27.641,-0.098,-2.851,45190.879,1.206,-0.312,-4.731,888.563,56.920,23621.719,1513.171,10.029,52.932,3.313,14.253,444.443,355.144,22.750,6938.083,-12.376,-0.825,91.137,5.838,4.008,15.547,44.040,31.066,35.310,151.498,933.991,59.830,2364.997,10.541,5.300,0.849,1.085,1345.526,7971.780,510.660,21004.658,89.971,47.068,-44.520,-8.511,-3.839,-49.675,1096.407,6640.965,425.410,17115.727,74.952,38.353,-3.401,-32.783,931.179,198.412,12.710,14536.388,-8.248,-0.963,167.201,10.711,2.239,32.574,17.991,5.810,0.510,4.327,0.746,90.698,7.961,280.856,1.024,0.090,0.629,8860.344,2894.858,23.388,50.760,249.119,1330.816,85.250,3888.931,15.020,8.714,93.263,4.967,10.350,69.156,4.430,161.567,0.781,0.362,22.694,7.179,39.720,236.971,15.180,620.066,2.675,1.389
France,2013,FRA,64387736,2414733629218,1.852,0.547,467.587,30.107,88.216,5.680,0.985,1.044,76.290,6.220,8.555,2269.141,146.105,370.257,23.840,,0.000,0.000,0.000,4.134,5.065,528.290,8204.823,576.750,27.862,1.043,30.195,45428.730,1.211,0.239,3.610,833.078,53.640,23556.992,1516.781,9.300,52.580,1.572,6.989,451.432,285.613,18.390,7011.142,-35.904,-2.096,58.117,3.742,3.189,15.649,44.000,20.519,29.684,181.182,1116.983,71.920,2813.927,12.470,6.281,2.398,22.428,1367.954,8124.373,523.110,21245.562,90.700,47.420,-48.460,-9.173,-0.405,-12.815,1083.593,6580.135,423.680,16829.176,73.460,37.563,-1.282,-11.934,919.245,177.208,11.410,14276.710,-1.732,-0.185,163.465,10.525,1.978,31.866,19.053,6.180,0.500,5.901,1.062,95.981,7.765,295.908,1.072,0.087,0.660,8957.451,2925.053,12.898,35.242,284.361,1544.238,99.430,4416.388,17.240,9.857,17.891,1.758,12.108,80.605,5.190,188.045,0.900,0.420,6.332,2.191,41.911,250.669,16.140,650.922,2.798,1.453
France,2014,FRA,64692495,2437822780219,7.831,2.358,501.829,32.465,92.592,5.990,1.058,1.177,52.220,-26.623,-38.897,1657.190,107.208,174.054,11.260,,0.000,0.000,0.000,1.988,3.886,499.120,7715.269,566.310,29.211,-4.351,-127.271,43247.398,1.148,-9.300,-141.064,553.387,35.800,21265.480,1375.717,6.322,49.861,-16.026,-72.348,379.084,203.424,13.160,5859.776,-94.740,-3.545,3.042,0.197,2.324,13.740,29.570,-11.312,-21.313,159.870,985.740,63.770,2471.223,11.261,5.794,1.814,15.406,1383.360,8200.487,530.510,21383.617,93.678,50.139,-67.190,-13.462,3.020,27.041,1110.634,6746.996,436.480,17167.889,77.074,40.254,-3.244,-29.819,889.426,175.909,11.380,13748.516,-3.975,-0.418,156.228,10.107,2.010,32.236,20.570,6.550,0.560,7.961,1.517,101.248,8.656,317.961,1.157,0.099,0.746,8753.875,2797.782,-2.170,-11.635,272.726,1453.492,94.030,4215.729,16.604,9.885,24.911,2.939,15.047,98.775,6.390,232.593,1.128,0.545,7.380,2.864,44.775,267.728,17.320,692.124,3.058,1.623
France,2015,FRA,64916337,2464953810985,0.873,0.283,504.463,32.748,100.591,6.530,1.137,1.175,59.170,-4.597,-4.928,1575.564,102.280,183.159,11.890,,0.000,0.000,0.000,2.071,3.671,510.080,7857.498,574.140,29.078,0.917,25.645,43493.316,1.145,2.670,36.736,691.197,44.870,21758.055,1412.453,7.815,50.689,7.501,28.434,407.518,325.650,21.140,6277.582,25.719,0.051,3.812,0.247,3.682,14.625,33.970,-13.166,-21.751,138.119,855.871,55.560,2127.644,9.677,4.957,-0.174,-9.325,1374.035,8153.110,529.270,21166.242,92.185,49.311,-64.060,-12.559,0.217,-3.221,1107.412,6738.365,437.430,17059.066,76.189,39.742,1.487,13.230,902.656,182.389,11.840,13904.908,5.508,0.557,164.265,10.664,2.062,32.394,22.233,7.110,0.580,8.084,1.663,109.526,8.935,342.481,1.238,0.101,0.798,8844.307,2823.427,-1.535,-6.103,266.623,1414.744,91.840,4107.176,15.996,9.568,22.824,3.341,18.388,119.384,7.750,283.253,1.350,0.660,23.765,10.360,55.136,329.963,21.420,849.334,3.731,1.979
France,2016,FRA,65086853,2491956183265,0.605,0.198,506.186,32.946,115.538,7.520,1.346,1.207,68.620,-2.704,-2.766,1528.940,99.514,157.175,10.230,,0.000,0.000,0.000,1.831,3.647,517.340,7948.457,558.840,28.397,-2.013,-56.830,42506.238,1.110,1.441,20.358,870.222,56.640,22013.840,1432.812,10.135,52.511,9.271,37.782,445.299,537.282,34.970,6841.618,-4.762,-0.012,3.621,0.236,6.258,16.320,38.350,9.836,12.442,150.561,934.751,60.840,2313.238,10.887,5.518,-4.851,-78.243,1295.792,7715.844,502.200,19908.654,89.865,47.489,-41.500,-8.022,-7.826,-94.358,1013.054,6194.800,403.200,15564.648,72.149,37.127,-1.624,-14.657,887.998,175.765,11.440,13643.282,-1.222,-0.130,161.833,10.533,2.047,32.544,24.103,8.120,0.600,8.414,1.871,124.756,9.218,370.324,1.453,0.107,0.883,8586.066,2766.597,5.688,16.115,282.738,1521.045,99.000,4344.005,17.715,10.362,12.416,2.127,20.515,133.053,8.660,315.193,1.550,0.752,-0.197,-0.524,54.612,328.484,21.380,839.064,3.826,2.001
France,2017,FRA,65284775,2549057506683,0.781,0.257,508.595,33.204,119.170,7.780,1.400,1.220,78.310,9.579,9.532,1670.316,109.046,196.217,12.810,,,,,2.305,4.008,515.610,7897.859,555.740,28.044,-0.375,-10.368,42218.559,1.081,1.774,25.419,1002.837,65.470,22336.453,1458.230,11.781,53.594,0.529,2.358,447.657,620.359,40.500,6856.989,,,,,7.288,16.453,43.520,-18.288,-28.150,122.411,765.875,50.000,1875.033,8.997,4.499,-2.017,-33.162,1262.629,7509.714,490.270,19340.332,88.219,46.406,-40.130,-7.783,-1.200,-17.156,995.898,6101.882,398.360,15254.672,71.681,36.602,1.524,13.529,901.527,186.261,12.160,13809.147,,,,,2.188,33.134,25.770,8.430,0.650,6.917,1.667,129.127,9.956,394.739,1.517,0.117,0.947,8512.551,2756.229,-4.545,-16.006,266.731,1407.832,91.910,4085.659,16.538,9.803,11.484,2.242,22.757,135.866,8.870,348.574,1.596,0.836,15.184,7.978,62.590,376.964,24.610,958.718,4.428,2.300
France,2018,FRA,65519537,2596599107835,-1.137,-0.378,501.009,32.826,127.901,8.380,1.454,1.193,59.920,-8.108,-8.841,1529.387,100.205,126.832,8.310,,,,,1.442,3.641,513.270,7833.847,576.240,29.283,1.241,34.200,42589.262,1.075,-3.428,-49.990,754.737,49.450,21493.436,1408.240,8.581,51.165,-4.305,-19.273,428.384,466.273,30.550,6538.261,,,,,5.302,15.564,34.530,30.535,36.583,158.994,993.749,65.110,2426.672,11.299,5.777,6.661,81.469,1344.098,8040.197,526.790,20514.465,91.419,48.835,-62.970,-12.268,3.661,31.321,1027.218,6302.548,412.940,15678.047,71.661,37.322,-2.427,-21.876,879.651,161.631,10.590,13425.787,,,,,1.838,31.960,26.973,8.990,0.610,4.667,1.203,137.211,9.310,411.680,1.560,0.106,0.980,8794.934,2790.429,16.259,50.149,316.880,1737.650,113.850,4836.418,19.757,11.513,13.461,2.935,25.691,170.178,11.150,392.118,1.935,0.933,16.245,9.805,72.395,436.511,28.600,1104.940,4.963,2.630
France,2019,FRA,65729460,2644453795826,4.130,1.356,520.034,34.182,131.448,8.640,1.528,1.269,59.790,-20.739,-20.782,1208.333,79.423,55.379,3.640,,,,,0.644,2.950,507.850,7726.368,565.520,29.233,-2.117,-59.081,41554.387,1.033,-1.406,-19.799,815.616,53.610,21123.574,1388.441,9.480,51.566,1.923,8.237,436.620,596.993,39.240,6642.690,,,,,6.939,16.216,33.810,-12.341,-20.312,138.682,865.822,56.910,2109.898,10.063,5.151,-2.296,-39.964,1304.135,7788.136,511.910,19840.945,90.520,48.434,-57.670,-11.356,-3.373,-39.566,987.652,6070.490,399.010,15026.023,70.556,36.681,-0.825,-7.254,872.398,163.245,10.730,13272.552,,,,,1.897,32.400,27.386,9.250,0.610,1.532,0.413,140.728,9.280,416.653,1.636,0.108,1.017,8603.753,2731.347,0.778,-0.398,316.482,1717.647,112.900,4814.923,19.964,11.754,12.780,3.140,28.831,182.871,12.020,438.637,2.125,1.071,21.328,15.005,87.400,528.226,34.720,1329.700,6.139,3.246
France,2020,FRA,65905273,2438594133224,-26.939,-9.208,378.931,24.974,132.918,8.760,1.661,1.037,59.080,-29.514,-23.441,849.437,55.982,46.885,3.090,,,,,0.586,2.325,482.210,7316.713,527.250,30.990,-10.511,-287.082,37087.555,1.002,-13.751,-190.926,734.236,48.390,18170.242,1197.515,9.178,49.740,-7.052,-30.792,405.828,534.859,35.250,6157.753,,,,,6.686,16.856,31.150,10.131,13.673,152.355,948.634,62.520,2311.728,11.858,6.328,-7.773,-94.100,1210.035,7265.883,478.860,18360.209,90.822,50.260,-45.040,-9.340,-11.323,-113.991,873.661,5368.766,353.830,13256.319,67.109,36.288,-15.669,-136.694,735.704,152.492,10.050,11163.052,,,,,1.906,30.558,27.539,9.370,0.610,0.557,0.153,142.174,9.256,417.857,1.777,0.116,1.144,8000.119,2444.265,1.932,19.891,336.373,1897.117,125.030,5103.890,23.714,13.972,9.172,2.567,31.398,198.618,13.090,476.411,2.483,1.304,14.823,12.707,100.108,607.690,40.050,1518.963,7.596,4.158
France,2021,FRA,66083547,2604822841790,14.103,3.522,431.204,28.495,144.968,9.580,1.741,1.112,59.800,34.163,19.125,1136.558,75.108,82.320,5.440,,,,,0.989,2.932,505.420,7648.197,550.310,30.130,6.272,153.295,39307.219,0.997,8.266,98.991,739.216,48.850,19619.186,1296.505,8.877,50.611,6.058,24.586,430.414,504.059,33.310,6513.179,,,,,6.053,16.802,32.910,-4.944,-7.889,144.466,900.981,59.540,2186.107,10.819,5.639,5.081,55.178,1265.213,7588.273,501.460,19145.656,91.123,49.389,-44.890,-8.882,7.215,60.726,934.387,5740.612,379.360,14139.487,68.936,36.475,7.514,55.280,790.984,152.837,10.100,11969.449,,,,,1.835,30.877,28.878,10.160,0.580,4.862,1.339,153.745,8.777,436.993,1.846,0.105,1.127,8327.489,2597.561,0.006,-5.548,330.825,1847.661,122.100,5006.168,22.187,12.914,17.021,5.254,36.652,231.222,15.280,554.626,2.777,1.431,-7.537,-7.773,92.334,561.713,37.120,1397.238,6.745,3.604
France,2022,FRA,66277412,2671568767031,8.774,2.500,467.664,30.996,145.902,9.670,2.065,1.361,78.570,-14.255,-10.707,971.688,64.401,62.766,4.160,,,,,0.888,2.828,483.190,7290.417,468.250,27.885,-11.217,-291.369,34796.047,0.863,-4.335,-56.209,910.567,60.350,18713.715,1240.297,12.888,54.471,-10.217,-43.974,386.440,690.130,45.740,5830.648,,,,,9.768,16.972,36.790,-24.522,-35.694,108.772,687.414,45.560,1641.161,9.730,4.777,-17.124,-228.520,1036.693,6154.435,407.900,15641.717,87.112,45.529,14.940,3.092,-22.309,-210.233,724.155,4446.915,294.730,10926.119,62.943,31.803,-0.193,-1.528,789.455,157.671,10.450,11911.378,,,,,2.232,34.671,30.251,10.270,0.600,4.755,1.373,154.955,9.053,456.432,2.193,0.128,1.329,7065.001,2306.192,-3.903,-18.288,312.538,1707.520,113.170,4715.598,24.169,13.726,28.651,10.385,47.037,291.804,19.340,709.698,4.130,2.066,3.664,3.148,95.482,573.348,38.000,1440.642,8.115,4.193
France,2023,FRA,66438828,,5.321,1.649,491.353,32.645,157.739,10.480,2.028,1.379,53.630,-23.584,-15.188,740.726,49.213,24.233,1.610,,,,,0.311,2.079,466.390,7019.841,516.860,30.852,4.350,100.322,36221.496,,-5.922,-73.450,618.012,41.060,17562.715,1166.846,7.944,49.289,-11.873,-45.884,340.557,451.844,30.020,5125.867,,,,,5.808,14.386,27.720,25.865,27.132,135.904,841.375,55.900,2045.552,10.815,5.741,16.247,163.810,1200.503,7161.475,475.800,18069.297,92.056,50.711,-50.470,-10.821,14.749,100.729,824.884,5090.397,338.200,12415.686,65.434,34.844,-1.568,-12.379,777.077,141.935,9.430,11696.123,,,,,1.824,32.825,29.732,11.060,0.580,-1.716,-0.519,166.469,8.730,447.509,2.140,0.112,1.256,7779.487,2406.514,19.333,63.082,375.619,2071.078,137.600,5653.612,26.622,15.867,11.326,4.944,51.981,340.012,22.590,782.395,4.371,2.196,32.256,29.875,125.357,723.222,48.050,1886.804,9.297,5.295
France,2024,FRA,66548532,,4.208,1.374,511.184,34.019,171.905,11.440,2.042,1.371,40.830,0.317,0.156,741.852,49.369,15.327,1.020,,,,,0.182,1.990,470.260,7066.422,560.110,32.751,4.712,113.387,37865.609,,-1.896,-22.122,430.663,28.660,17201.344,1144.724,5.117,46.136,-6.129,-20.871,319.686,271.982,18.100,4803.795,,,,,3.232,12.884,22.870,27.256,37.042,172.946,1068.694,71.120,2598.797,12.698,6.970,11.110,135.964,1336.467,7985.901,531.450,20082.596,94.883,53.864,-89.850,-19.106,12.492,103.046,927.929,5716.880,380.450,13943.650,67.924,37.399,-0.181,-1.407,775.669,143.354,9.540,11655.696,,,,,1.703,31.262,30.040,12.010,0.570,1.034,0.308,180.470,8.565,451.393,2.144,0.102,1.211,8416.564,2519.901,8.371,32.918,408.538,2269.021,151.000,6138.945,26.959,16.465,8.780,4.564,56.545,373.712,24.870,849.685,4.440,2.279,-8.271,-10.369,114.988,646.145,43.000,1727.887,7.677,4.634
Japan,1900,JPN,44416502,93641716284,,,,,,,,,,,,,,,,,,1293.715,57.462,,,,,,,,,,,,,,,,,,,,,,,,,,,0.000,0.000,,,,,,,,,,,,,,,,,,,,,,,,,,,,,,,,,,,,,,29.850,1.326,,,,,,,,,,,,,,,,,,,,,,,,,,,,,,,,,,,,,,,
Japan,1901,JPN,44903535,96537578132,,,,,,,,,,,,,,,,20.463,11.759,1541.549,69.221,,,,,,,,,,,,,,,,,,,,,,,,,,0.000,0.000,0.000,,,,,,,,,,,,,,,,,,,,,,,,,,,,,,,,,,,,27.193,0.361,37.555,1.686,,,,,,,,,,,,,,,,,,,,,,,,,,,,,,,,,,,,,,,
Japan,1902,JPN,45413962,91087774650,,,,,,,,,,,,,,,,7.702,5.332,1641.622,74.553,,,,,,,,,,,,,,,,,,,,,,,,,,0.000,0.000,0.000,,,,,,,,,,,,,,,,,,,,,,,,,,,,,,,,,,,,8.276,0.140,40.206,1.826,,,,,,,,,,,,,,,,,,,,,,,,,,,,,,,,,,,,,,,
Japan,1903,JPN,45948233,101027677191,,,,,,,,,,,,,,,,4.015,2.994,1687.685,77.546,,,,,,,,,,,,,,,,,,,,,,,,,,0.000,0.000,0.000,,,,,,,,,,,,,,,,,,,,,,,,,,,,,,,,,,,,-19.745,-0.361,31.892,1.465,,,,,,,,,,,,,,,,,,,,,,,,,,,,,,,,,,,,,,,
Japan,1904,JPN,46488789,101057243058,,,,,,,,,,,,,,,,6.276,4.867,1772.751,82.413,,,,,,,,,,,,,,,,,,,,,,,,,,0.000,0.000,0.000,,,,,,,,,,,,,,,,,,,,,,,,,,,,,,,,,,,,46.825,0.686,46.281,2.152,,,,,,,,,,,,,,,,,,,,,,,,,,,,,,,,,,,,,,,
Japan,1905,JPN,47035703,98867771981,,,,,,,,,,,,,,,,7.626,6.284,1885.749,88.698,,,,,,,,,,,,,,,,,,,,,,,,,,0.000,0.000,0.000,,,,,,,,,,,,,,,,,,,,,,,,,,,,,,,,,,,,-4.865,-0.105,43.518,2.047,,,,,,,,,,,,,,,,,,,,,,,,,,,,,,,,,,,,,,,
Japan,1906,JPN,47589051,109990610707,,,,,,,,,,,,,,,,12.500,11.087,2096.803,99.785,,,,,,,,,,,,,,,,,,,,,,,,,,0.000,0.000,0.000,,,,,,,,,,,,,,,,,,,,,,,,,,,,,,,,,,,,29.545,0.605,55.720,2.652,,,,,,,,,,,,,,,,,,,,,,,,,,,,,,,,,,,,,,,
Japan,1907,JPN,48148908,112465891909,,,,,,,,,,,,,,,,6.336,6.322,2203.733,106.107,,,,,,,,,,,,,,,,,,,,,,,,,,0.000,0.000,0.000,,,,,,,,,,,,,,,,,,,,,,,,,,,,,,,,,,,,17.544,0.465,64.733,3.117,,,,,,,,,,,,,,,,,,,,,,,,,,,,,,,,,,,,,,,
Japan,1908,JPN,48715351,113744837607,,,,,,,,,,,,,,,,7.413,7.866,2339.583,113.974,,,,,,,,,,,,,,,,,,,,,,,,,,0.000,0.000,0.000,,,,,,,,,,,,,,,,,,,,,,,,,,,,,,,,,,,,2.985,0.093,65.891,3.210,,,,,,,,,,,,,,,,,,,,,,,,,,,,,,,,,,,,,,,
Japan,1909,JPN,49292444,114021208068,,,,,,,,,,,,,,,,1.539,1.754,2347.777,115.728,,,,,,,,,,,,,,,,,,,,,,,,,,0.000,0.000,0.000,,,,,,,,,,,,,,,,,,,,,,,,,,,,,,,,,,,,-2.899,-0.093,63.232,3.117,,,,,,,,,,,,,,,,,,,,,,,,,,,,,,,,,,,,,,,
Japan,1910,JPN,49880362,114732009153,,,,,,,,,,,,,,,,4.199,4.860,2417.530,120.587,,,,,,,,,,,,,,,,,,,,,,,,,,0.000,0.000,0.000,,,,,,,,,,,,,,,,,,,,,,,,,,,,,,,,,,,,-4.104,-0.128,59.922,2.989,,,,,,,,,,,,,,,,,,,,,,,,,,,,,,,,,,,,,,,
Japan,1911,JPN,50479280,120504684461,,,,,,,,,,,,,,,,12.414,14.969,2685.393,135.557,,,,,,,,,,,,,,,,,,,,,,,,,,0.000,0.000,0.000,,,,,,,,,,,,,,,,,,,,,,,,,,,,,,,,,,,,8.949,0.267,64.510,3.256,,,,,,,,,,,,,,,,,,,,,,,,,,,,,,,,,,,,,,,
Japan,1912,JPN,51089380,123262420246,,,,,,,,,,,,,,,,11.382,15.429,2955.325,150.986,,,,,,,,,,,,,,,,,,,,,,,,,,0.000,0.000,0.000,,,,,,,,,,,,,,,,,,,,,,,,,,,,,,,,,,,,-16.429,-0.535,53.268,2.721,,,,,,,,,,,,,,,,,,,,,,,,,,,,,,,,,,,,,,,
Japan,1913,JPN,51710843,125595255000,,,,,,,,,,,,,,,,8.503,12.838,3168.079,163.824,,,,,,,,,,,,,,,,,,,,,,,,,,0.000,0.000,0.000,,,,,,,,,,,,,,,,,,,,,,,,,,,,,,,,,,,,16.667,0.454,61.399,3.175,,,,,,,,,,,,,,,,,,,,,,,,,,,,,,,,,,,,,,,
Japan,1914,JPN,52339865,123539496030,,,,,,,,,,,,,,,,4.584,7.510,3273.487,171.334,,,,,,,,,,,,,,,,,,,,,,,,,,0.000,0.000,0.000,,,,,,,,,,,,,,,,,,,,,,,,,,,,,,,,,,,,35.897,1.140,82.437,4.315,,,,,,,,,,,,,,,,,,,,,,,,,,,,,,,,,,,,,,,
Japan,1915,JPN,52976538,133450924977,,,,,,,,,,,,,,,,-8.078,-13.840,2972.899,157.494,,,,,,,,,,,,,,,,,,,,,,,,,,0.000,0.000,0.000,,,,,,,,,,,,,,,,,,,,,,,,,,,,,,,,,,,,11.051,0.477,90.447,4.792,,,,,,,,,,,,,,,,,,,,,,,,,,,,,,,,,,,,,,,
Japan,1916,JPN,53620954,152258085791,,,,,,,,,,,,,,,,11.761,18.524,3282.624,176.017,,,,,,,,,,,,,,,,,,,,,,,,,,0.000,0.000,0.000,,,,,,,,,,,,,,,,,,,,,,,,,,,,,,,,,,,,1.214,0.058,90.444,4.850,,,,,,,,,,,,,,,,,,,,,,,,,,,,,,,,,,,,,,,
Japan,1917,JPN,54273209,160078842995,,,,,,,,,,,,,,,,15.146,26.659,3734.368,202.676,,,,,,,,,,,,,,,,,,,,,,,,,,0.000,0.000,0.000,,,,,,,,,,,,,,,,,,,,,,,,,,,,,,,,,,,,-3.357,-0.163,86.357,4.687,,,,,,,,,,,,,,,,,,,,,,,,,,,,,,,,,,,,,,,
Japan,1918,JPN,54927094,163202864404,,,,,,,,,,,,,,,,6.341,12.852,3923.897,215.528,,,,,,,,,,,,,,,,,,,,,,,,,,0.000,0.000,0.000,,,,,,,,,,,,,,,,,,,,,,,,,,,,,,,,,,,,-14.640,-0.686,72.837,4.001,,,,,,,,,,,,,,,,,,,,,,,,,,,,,,,,,,,,,,,
Japan,1919,JPN,55611871,177876282366,,,,,,,,,,,,,,,,11.563,24.921,4323.708,240.449,,,,,,,,,,,,,,,,,,,,,,,,,,0.000,0.000,0.000,,,,,,,,,,,,,,,,,,,,,,,,,,,,,,,,,,,,-8.430,-0.337,65.875,3.663,,,,,,,,,,,,,,,,,,,,,,,,,,,,,,,,,,,,,,,
Japan,1920,JPN,56328237,166000633374,,,,,,,,,,,,,,,,-6.478,-15.578,3992.171,224.872,,,,,,,,,,,,,,,,,,,,,,,,,,0.000,0.000,0.000,,,,,,,,,,,,,,,,,,,,,,,,,,,,,,,,,,,,-0.635,-0.023,64.625,3.640,,,,,,,,,,,,,,,,,,,,,,,,,,,,,,,,,,,,,,,
Japan,1921,JPN,57076902,183273447348,,,,,,,,,,,,,,,,-10.355,-23.286,3531.829,201.586,,,,,,,,,,,,,,,,,,,,,,,,,,0.000,0.000,0.000,,,,,,,,,,,,,,,,,,,,,,,,,,,,,,,,,,,,-4.792,-0.174,60.721,3.466,,,,,,,,,,,,,,,,,,,,,,,,,,,,,,,,,,,,,,,
Japan,1922,JPN,57858589,185576274939,,,,,,,,,,,,,,,,5.662,11.415,3681.397,213.000,,,,,,,,,,,,,,,,,,,,,,,,,,0.339,5.853,0.339,,,,,,,,,,,,,,,,,,,,,,,,,,,,,,,,,,,,-4.362,-0.151,57.287,3.315,,,,,,,,,,,,,,,,,,,,,,,,,,,,,,,,,,,,,,,
Japan,1923,JPN,58674033,187921545034,,,,,,,,,,,,,,,,4.473,9.528,3792.619,222.528,,,,,,,,,,,,,,,,,,,,,,,,,-1.111,-0.004,5.708,0.335,,,,,,,,,,,,,,,,,,,,,,,,,,,,,,,,,,,,-11.930,-0.395,49.752,2.919,,,,,,,,,,,,,,,,,,,,,,,,,,,,,,,,,,,,,,,
Japan,1924,JPN,59500970,194623737332,,,,,,,,,,,,,,,,4.038,8.986,3890.928,231.514,,,,,,,,,,,,,,,,,,,,,,,,,-1.124,-0.004,5.565,0.331,,,,,,,,,,,,,,,,,,,,,,,,,,,,,,,,,,,,0.398,0.012,49.256,2.931,,,,,,,,,,,,,,,,,,,,,,,,,,,,,,,,,,,,,,,
Japan,1925,JPN,60339562,203229179020,,,,,,,,,,,,,,,,4.458,10.322,4007.910,241.836,,,,,,,,,,,,,,,,,,,,,,,,,-1.136,-0.004,5.426,0.327,,,,,,,,,,,,,,,,,,,,,,,,,,,,,,,,,,,,5.556,0.163,51.270,3.094,,,,,,,,,,,,,,,,,,,,,,,,,,,,,,,,,,,,,,,
Japan,1926,JPN,61189973,203158042658,,,,,,,,,,,,,,,,-0.110,-0.267,3947.845,241.569,,,,,,,,,,,,,,,,,,,,,,,,,-1.149,-0.004,5.289,0.324,,,,,,,,,,,,,,,,,,,,,,,,,,,,,,,,,,,,-6.767,-0.209,47.136,2.884,,,,,,,,,,,,,,,,,,,,,,,,,,,,,,,,,,,,,,,
Japan,1927,JPN,62052369,205599581079,,,,,,,,,,,,,,,,6.703,16.192,4153.921,257.761,,,,,,,,,,,,,,,,,,,,,,,,,-1.163,-0.004,5.155,0.320,,,,,,,,,,,,,,,,,,,,,,,,,,,,,,,,,,,,0.000,0.000,46.481,2.884,,,,,,,,,,,,,,,,,,,,,,,,,,,,,,,,,,,,,,,
Japan,1928,JPN,62926919,221638210580,,,,,,,,,,,,,,,,0.947,2.441,4134.983,260.202,,,,,,,,,,,,,,,,,,,,,,,,,-1.176,-0.004,5.023,0.316,,,,,,,,,,,,,,,,,,,,,,,,,,,,,,,,,,,,5.242,0.151,48.237,3.035,,,,,,,,,,,,,,,,,,,,,,,,,,,,,,,,,,,,,,,
Japan,1929,JPN,63798063,231794741352,,,,,,,,,,,,,,,,1.164,3.030,4126.009,263.231,,,,,,,,,,,,,,,,,,,,,,,,,7.937,0.025,5.348,0.341,,,,,,,,,,,,,,,,,,,,,,,,,,,,,,,,,,,,6.513,0.198,50.678,3.233,,,,,,,,,,,,,,,,,,,,,,,,,,,,,,,,,,,,,,,
Japan,1930,JPN,64665549,214059745830,,,,,,,,,,,,,,,,-8.411,-22.140,3728.279,241.091,,,,,,,,,,,,,,,,,,,,,,,,,7.353,0.025,5.664,0.366,,,,,,,,,,,,,,,,,,,,,,,,,,,,,,,,,,,,1.439,0.047,50.717,3.280,,,,,,,,,,,,,,,,,,,,,,,,,,,,,,,,,,,,,,,
Japan,1931,JPN,65529121,216533467628,,,,,,,,,,,,,,,,-10.798,-26.033,3281.873,215.058,,,,,,,,,,,,,,,,,,,,,,,,,6.849,0.025,5.972,0.391,,,,,,,,,,,,,,,,,,,,,,,,,,,,,,,,,,,,-3.191,-0.105,48.452,3.175,,,,,,,,,,,,,,,,,,,,,,,,,,,,,,,,,,,,,,,
Japan,1932,JPN,66388515,233600032960,,,,,,,,,,,,,,,,0.223,0.480,3246.613,215.538,,,,,,,,,,,,,,,,,,,,,,,,,6.410,0.025,6.273,0.416,,,,,,,,,,,,,,,,,,,,,,,,,,,,,,,,,,,,-17.216,-0.547,39.591,2.628,,,,,,,,,,,,,,,,,,,,,,,,,,,,,,,,,,,,,,,
Japan,1933,JPN,67243463,254404915693,,,,,,,,,,,,,,,,15.926,34.327,3715.823,249.865,,,,,,,,,,,,,,,,,,,,,,,,,6.024,0.025,6.566,0.442,,,,,,,,,,,,,,,,,,,,,,,,,,,,,,,,,,,,-10.619,-0.279,34.937,2.349,,,,,,,,,,,,,,,,,,,,,,,,,,,,,,,,,,,,,,,
Japan,1934,JPN,68109421,255724778498,,,,,,,,,,,,,,,,10.454,26.120,4052.075,275.984,,,,,,,,,,,,,,,,,,,,,,,,,5.682,0.025,6.851,0.467,,,,,,,,,,,,,,,,,,,,,,,,,,,,,,,,,,,,25.743,0.605,43.372,2.954,,,,,,,,,,,,,,,,,,,,,,,,,,,,,,,,,,,,,,,
Japan,1935,JPN,68986531,264856327626,,,,,,,,,,,,,,,,5.092,14.052,4204.250,290.037,,,,,,,,,,,,,,,,,,,,,,,,,5.376,0.025,7.127,0.492,,,,,,,,,,,,,,,,,,,,,,,,,,,,,,,,,,,,23.622,0.698,52.935,3.652,,,,,,,,,,,,,,,,,,,,,,,,,,,,,,,,,,,,,,,
Japan,1936,JPN,69874936,279669724107,,,,,,,,,,,,,,,,10.690,31.006,4594.534,321.043,,,,,,,,,,,,,,,,,,,,,,,,,5.102,0.025,7.396,0.517,,,,,,,,,,,,,,,,,,,,,,,,,,,,,,,,,,,,12.102,0.442,58.587,4.094,,,,,,,,,,,,,,,,,,,,,,,,,,,,,,,,,,,,,,,
Japan,1937,JPN,70774782,290452316209,,,,,,,,,,,,,,,,8.267,26.542,4911.140,347.585,,,,,,,,,,,,,,,,,,,,,,,,,4.854,0.025,7.656,0.542,,,,,,,,,,,,,,,,,,,,,,,,,,,,,,,,,,,,0.284,0.012,58.006,4.105,,,,,,,,,,,,,,,,,,,,,,,,,,,,,,,,,,,,,,,
Japan,1938,JPN,71686216,305977496420,,,,,,,,,,,,,,,,7.579,26.344,5216.186,373.929,,,,,,,,,,,,,,,,,,,,,,,,,-2.778,-0.015,7.349,0.527,,,,,,,,,,,,,,,,,,,,,,,,,,,,,,,,,,,,-0.283,-0.012,57.107,4.094,,,,,,,,,,,,,,,,,,,,,,,,,,,,,,,,,,,,,,,
Japan,1939,JPN,72625078,347620932376,,,,,,,,,,,,,,,,5.014,18.749,5406.917,392.678,,,,,,,,,,,,,,,,,,,,,,,,,-2.857,-0.015,7.047,0.512,,,,,,,,,,,,,,,,,,,,,,,,,,,,,,,,,,,,-8.523,-0.349,51.564,3.745,,,,,,,,,,,,,,,,,,,,,,,,,,,,,,,,,,,,,,,
Japan,1940,JPN,73591941,356253966789,,,,,,,,,,,,,,,,10.221,40.137,5881.279,432.815,,,,,,,,,,,,,,,,,,,,,,,,,-2.941,-0.015,6.750,0.497,,,,,,,,,,,,,,,,,,,,,,,,,,,,,,,,,,,,-7.453,-0.279,47.094,3.466,,,,,,,,,,,,,,,,,,,,,,,,,,,,,,,,,,,,,,,
Japan,1941,JPN,74587386,369006708544,,,,,,,,,,,,,,,,0.320,1.386,5821.372,434.201,,,,,,,,,,,,,,,,,,,,,,,,,-3.030,-0.015,6.458,0.482,,,,,,,,,,,,,,,,,,,,,,,,,,,,,,,,,,,,-13.423,-0.465,40.229,3.001,,,,,,,,,,,,,,,,,,,,,,,,,,,,,,,,,,,,,,,
Japan,1942,JPN,75612006,370533720590,,,,,,,,,,,,,,,,-4.394,-19.077,5490.186,415.124,,,,,,,,,,,,,,,,,,,,,,,,,-3.125,-0.015,6.171,0.467,,,,,,,,,,,,,,,,,,,,,,,,,,,,,,,,,,,,-8.527,-0.256,36.300,2.745,,,,,,,,,,,,,,,,,,,,,,,,,,,,,,,,,,,,,,,
Japan,1943,JPN,76666406,366773520827,,,,,,,,,,,,,,,,3.520,14.612,5605.265,429.736,,,,,,,,,,,,,,,,,,,,,,,,,-3.226,-0.015,5.890,0.452,,,,,,,,,,,,,,,,,,,,,,,,,,,,,,,,,,,,3.390,0.093,37.014,2.838,,,,,,,,,,,,,,,,,,,,,,,,,,,,,,,,,,,,,,,
Japan,1944,JPN,77735509,371697727028,,,,,,,,,,,,,,,,-4.027,-17.304,5305.568,412.431,,,,,,,,,,,,,,,,,,,,,,,,,-3.333,-0.015,5.615,0.437,,,,,,,,,,,,,,,,,,,,,,,,,,,,,,,,,,,,-6.148,-0.174,34.261,2.663,,,,,,,,,,,,,,,,,,,,,,,,,,,,,,,,,,,,,,,
Japan,1945,JPN,78819521,280326712125,,,,,,,,,,,,,,,,-43.341,-178.751,2964.748,233.680,,,,,,,,,,,,,,,,,,,,,,,,,-3.448,-0.015,5.347,0.421,,,,,,,,,,,,,,,,,,,,,,,,,,,,,,,,,,,,-3.493,-0.093,32.609,2.570,,,,,,,,,,,,,,,,,,,,,,,,,,,,,,,,,,,,,,,
Japan,1946,JPN,79918650,213947001676,,,,,,,,,,,,,,,,-30.158,-70.473,2042.168,163.207,,,,,,,,,,,,,,,,,,,,,,,,,-3.571,-0.015,5.085,0.406,,,,,,,,,,,,,,,,,,,,,,,,,,,,,,,,,,,,-13.122,-0.337,27.940,2.233,,,,,,,,,,,,,,,,,,,,,,,,,,,,,,,,,,,,,,,
Japan,1947,JPN,81033105,211776699235,,,,,,,,,,,,,,,,32.885,53.671,2676.413,216.878,,,,,,,,,,,,,,,,,,,,,,,,,8.333,0.034,5.433,0.440,,,,,,,,,,,,,,,,,,,,,,,,,,,,,,,,,,,,-5.729,-0.128,25.977,2.105,,,,,,,,,,,,,,,,,,,,,,,,,,,,,,,,,,,,,,,
Japan,1948,JPN,82163102,229021269084,,,,,,,,,,,,,,,,22.508,48.816,3233.736,265.694,,,,,,,,,,,,,,,,,,,,,,,,,30.769,0.135,7.007,0.576,,,,,,,,,,,,,,,,,,,,,,,,,,,,,,,,,,,,-12.155,-0.256,22.506,1.849,,,,,,,,,,,,,,,,,,,,,,,,,,,,,,,,,,,,,,,
Japan,1949,JPN,83270008,234992005270,,,,,,,,,,,,,,,,11.449,30.419,3556.052,296.113,,,,,,,,,,,,,,,,,,,,,,,,,13.725,0.079,7.863,0.655,,,,,,,,,,,,,,,,,,,,,,,,,,,,,,,,,,,,22.013,0.407,27.095,2.256,,,,,,,,,,,,,,,,,,,,,,,,,,,,,,,,,,,,,,,
Japan,1950,JPN,86443278,256610910000,,,,,,,,,,,,,,,,0.823,2.437,3453.702,298.549,,,,,,,,,,,,,,,,,,,,,,,,,18.966,0.124,9.011,0.779,,,,,,,,,,,,,,,,,,,,,,,,,,,,,,,,,,,,51.031,1.151,39.420,3.408,,,,,,,,,,,,,,,,,,,,,,,,,,,,,,,,,,,,,,,
Japan,1951,JPN,87849929,288620292945,,,,,,,,,,,,,,,,12.577,37.548,3825.814,336.098,,,,,,,,,,,,,,,,,,,,,,,,,20.290,0.158,10.666,0.937,,,,,,,,,,,,,,,,,,,,,,,,,,,,,,,,,,,,14.676,0.500,44.481,3.908,,,,,,,,,,,,,,,,,,,,,,,,,,,,,,,,,,,,,,,
Japan,1952,JPN,89135133,321973403281,,,,,,,,,,,,,,,,0.216,0.726,3778.796,336.824,,,,,,,,,,,,,,,,,,,,,,,,,9.639,0.090,11.525,1.027,,,,,,,,,,,,,,,,,,,,,,,,,,,,,,,,,,,,-8.929,-0.349,39.926,3.559,,,,,,,,,,,,,,,,,,,,,,,,,,,,,,,,,,,,,,,
Japan,1953,JPN,90324185,345711967062,,,,,,,,,,,,,,,,7.184,24.196,3996.931,361.020,,,,,,,,,,,,,,,,,,,,,,,,,20.879,0.214,13.748,1.242,,,,,,,,,,,,,,,,,,,,,,,,,,,,,,,,,,,,-3.268,-0.116,38.112,3.442,,,,,,,,,,,,,,,,,,,,,,,,,,,,,,,,,,,,,,,
Japan,1954,JPN,91407673,365311013812,,,,,,,,,,,,,,,,-8.135,-29.370,3628.251,331.650,,,,,,,,,,,,,,,,,,,,,,,,,28.182,0.350,17.414,1.592,,,,,,,,,,,,,,,,,,,,,,,,,,,,,,,,,,,,1.351,0.047,38.170,3.489,,,,,,,,,,,,,,,,,,,,,,,,,,,,,,,,,,,,,,,
Japan,1955,JPN,92425476,396713131062,,,,,,,,,,,,,,,,-0.744,-2.468,3561.597,329.182,,,,,,,,,,,,,,,,,,,,,,,,,10.638,0.169,19.054,1.761,,,,,,,,,,,,,,,,,,,,,,,,,,,,,,,,,,,,4.667,0.163,39.511,3.652,,,,,,,,,,,,,,,,,,,,,,,,,,,,,,,,,,,,,,,
Japan,1956,JPN,93342005,426510425195,,,,,,,,,,,,,,,,9.781,32.199,3871.580,361.381,,,,,,,,,,,,,,,,,,,,,,,,,13.462,0.237,21.407,1.998,,,,,,,,,,,,,,,,,,,,,,,,,,,,,,,,,,,,-1.274,-0.047,38.625,3.605,,,,,,,,,,,,,,,,,,,,,,,,,,,,,,,,,,,,,,,
Japan,1957,JPN,94108980,457723476054,,,,,,,,,,,,,,,,11.074,40.018,4265.258,401.399,,,,,,,,,,,,,,,,,,,,,,,,,37.853,0.756,29.269,2.754,,,,,,,,,,,,,,,,,,,,,,,,,,,,,,,,,,,,3.548,0.128,39.669,3.733,,,,,,,,,,,,,,,,,,,,,,,,,,,,,,,,,,,,,,,
Japan,1958,JPN,94846958,484394339132,,,,,,,,,,,,,,,,-3.987,-16.006,4063.318,385.393,,,,,,,,,,,,,,,,,,,,,,,,,50.820,1.400,43.800,4.154,,,,,,,,,,,,,,,,,,,,,,,,,,,,,,,,,,,,14.330,0.535,45.001,4.268,,,,,,,,,,,,,,,,,,,,,,,,,,,,,,,,,,,,,,,
Japan,1959,JPN,95622973,528525026562,,,,,,,,,,,,,,,,-4.889,-18.841,3833.305,366.552,,,,,,,,,,,,,,,,,,,,,,,,,37.772,1.569,59.854,5.723,,,,,,,,,,,,,,,,,,,,,,,,,,,,,,,,,,,,10.627,0.454,49.379,4.722,,,,,,,,,,,,,,,,,,,,,,,,,,,,,,,,,,,,,,,
Japan,1960,JPN,96399755,597858284531,,,,,,,,,,,,,,,,7.929,29.065,4103.920,395.617,,,,,,,,,,,,,,,,,,,,,,,,,44.181,2.529,85.603,8.252,,,,,,,,,,,,,,,,,,,,,,,,,,,,,,,,,,,,29.557,1.396,63.458,6.117,,,,,,,,,,,,,,,,,,,,,,,,,,,,,,,,,,,,,,,
Japan,1961,JPN,97217594,669824959453,,,,,,,,,,,,,,,,6.559,25.950,4336.319,421.567,,,,,,,,,,,,,,,,,,,,,,,,,53.215,4.391,130.054,12.644,,,,,,,,,,,,,,,,,,,,,,,,,,,,,,,,,,,,24.905,1.524,78.596,7.641,,,,,,,,,,,,,,,,,,,,,,,,,,,,,,,,,,,,,,,
Japan,1962,JPN,98076405,729663003984,,,,,,,,,,,,,,,,-0.281,-1.184,4286.275,420.382,,,,,,,,,,,,,,,,,,,,,,,,,27.589,3.488,164.482,16.132,,,,,,,,,,,,,,,,,,,,,,,,,,,,,,,,,,,,10.198,0.779,85.853,8.420,,,,,,,,,,,,,,,,,,,,,,,,,,,,,,,,,,,,,,,
Japan,1963,JPN,98958230,791534401000,,,,,,,,,,,,,,,,-4.410,-18.538,4060.752,401.845,,,,,,,,,,,,,,,,,,,,,,,,,35.339,5.701,220.625,21.833,,,,,,,,,,,,,,,,,,,,,,,,,,,,,,,,,,,,11.602,0.977,94.960,9.397,,,,,,,,,,,,,,,,,,,,,,,,,,,,,,,,,,,,,,,
Japan,1964,JPN,99890175,883860309921,,,,,,,,,,,,,,,,-2.293,-9.216,3930.608,392.629,,,,,,,,,,,,,,,,,,,,,,,,,8.738,1.908,237.666,23.740,,,,,,,,,,,,,,,,,,,,,,,,,,,,,,,,,,,,-14.728,-1.384,80.219,8.013,,,,,,,,,,,,,,,,,,,,,,,,,,,,,,,,,,,,,,,
Japan,1965,JPN,100916018,935329863093,,,0.000,0.000,,,,0.000,,,,5613.805,566.523,,,-2.807,-11.021,3781.446,381.608,,31.158,,,,,,,18152.096,1.958,,,,,15922.428,1606.828,,88.375,,,18.261,,,180.957,-2.996,-0.711,228.202,23.029,,1.004,,,,211.306,753.795,76.070,2093.875,,11.622,,,211.375,754.043,76.095,2094.563,,11.625,,,,,0.069,0.248,0.025,0.688,,0.004,,,1022.044,,,10127.665,-1.887,-0.151,77.905,7.862,,56.212,0.000,0.000,,,,0.000,,0.000,,,0.000,,1831.837,,,211.306,753.795,76.070,2093.875,,11.622,,,0.000,0.000,0.000,0.000,,0.000,,,0.000,0.000,0.000,0.000,,0.000
Japan,1966,JPN,101887833,1034825459609,,0.000,0.000,0.000,,,,0.000,,6.575,37.250,5925.858,603.773,,,3.560,13.586,3878.720,395.194,,29.244,,,,,13.486,247.038,20403.564,2.009,14.672,235.753,,,18084.406,1842.581,,89.246,2.619,0.478,18.740,,,183.925,4.559,1.050,236.330,24.079,,0.908,,4.312,9.111,220.417,778.798,79.350,2163.327,,10.676,5.045,10.664,222.039,784.529,79.934,2179.248,,10.754,,,2236.000,1.553,1.622,5.732,0.584,15.922,,0.079,19.375,198.025,1220.068,,,11974.621,15.680,1.233,89.261,9.095,,59.094,0.000,0.000,,,0.000,0.000,,0.000,,,0.000,,2078.875,4.312,9.111,220.417,778.798,79.350,2163.327,,10.676,,0.000,0.000,0.000,0.000,0.000,,0.000,,0.000,0.000,0.000,0.000,0.000,,0.000
Japan,1967,JPN,102965530,1149408206250,,0.000,0.000,0.000,,,,0.000,,9.842,59.422,6440.939,663.195,,,-7.563,-29.887,3547.863,365.308,,28.589,,,,,12.181,253.232,22649.395,2.029,15.470,285.040,,,20663.426,2127.621,,91.716,3.449,0.646,19.386,,,188.277,5.626,1.355,247.013,25.434,,0.836,,-13.611,-30.000,190.417,665.757,68.550,1849.324,,8.208,-13.455,-29.875,192.164,671.866,69.179,1866.293,,8.284,,,7.705,0.125,1.747,6.109,0.629,16.969,,0.075,18.439,224.972,1445.040,,,14034.209,0.767,0.070,89.005,9.164,,62.292,0.000,0.000,,,0.000,0.000,,0.000,,,0.000,,2332.107,-13.611,-30.000,190.417,665.757,68.550,1849.324,,8.208,,0.000,0.000,0.000,0.000,0.000,,0.000,,0.000,0.000,0.000,0.000,0.000,,0.000
Japan,1968,JPN,104237476,1297449549609,,0.000,0.000,0.000,,,,0.000,,2.904,19.260,6547.118,682.455,,,-1.943,-7.096,3436.492,358.211,,26.699,,,,,10.170,237.181,24648.406,1.980,10.411,221.514,,,22536.369,2349.134,,91.904,8.816,1.709,21.095,,,202.374,7.190,1.829,261.543,27.263,,0.825,,7.148,13.611,204.028,704.641,73.450,1957.336,,7.982,7.683,14.764,206.928,714.657,74.494,1985.157,,8.096,,,65.978,1.153,2.900,10.016,1.044,27.821,,0.113,13.878,200.544,1645.584,,,15786.877,-5.584,-0.512,83.010,8.653,,64.380,0.000,0.000,,,0.000,0.000,,0.000,,,0.000,,2569.288,7.148,13.611,204.028,704.641,73.450,1957.336,,7.982,,0.000,0.000,0.000,0.000,0.000,,0.000,,0.000,0.000,0.000,0.000,0.000,,0.000
Japan,1969,JPN,105475169,1459365508828,,0.000,0.000,0.000,,,,0.000,,6.818,46.528,6911.415,728.983,,,-4.086,-14.635,3257.410,343.576,,24.445,,,,,16.597,426.424,28402.051,2.053,17.909,420.698,,,26260.510,2769.832,,92.881,10.574,2.231,23.326,,,221.147,8.406,2.292,280.201,29.554,,0.782,,2.587,5.278,209.306,714.386,75.350,1984.406,,7.019,2.602,5.383,212.311,724.644,76.432,2012.901,,7.119,,,3.640,0.106,3.006,10.258,1.082,28.495,,0.101,22.602,371.939,2017.524,,,19127.947,0.672,0.058,82.587,8.711,,67.653,0.000,0.000,,,0.000,0.000,,0.000,,,0.000,,2995.711,2.587,5.278,209.306,714.386,75.350,1984.406,,7.019,,0.000,0.000,0.000,0.000,0.000,,0.000,,0.000,0.000,0.000,0.000,0.000,,0.000
Japan,1970,JPN,106712370,1615677617093,,0.000,0.000,0.000,,,,0.000,,-3.660,-26.677,6581.292,702.305,,,-11.200,-38.479,2859.060,305.097,,20.625,,,,,14.123,423.074,32037.387,2.116,14.886,412.309,,,29819.797,3182.141,,93.453,53.143,12.396,35.721,,,334.746,-9.893,-2.924,249.553,26.630,,1.049,,0.066,0.139,209.444,706.572,75.400,1962.701,,6.151,4.961,10.617,222.928,751.775,80.224,2089.054,,6.547,,,323.383,9.719,12.725,42.928,4.581,119.246,,0.374,21.144,426.591,2444.115,,,22903.760,2.804,0.244,83.918,8.955,,71.779,0.758,0.243,,,0.758,2.274,,7.107,,,0.022,,3418.785,0.388,0.897,210.203,708.847,75.643,1969.808,,6.173,,0.000,0.000,0.000,0.000,0.000,,0.000,,0.000,0.000,0.000,0.000,0.000,,0.000
Japan,1971,JPN,107952031,1691571412156,,0.000,0.000,0.000,,,,0.000,,-9.204,-64.639,5906.939,637.666,,,-15.804,-48.217,2379.577,256.880,,17.881,,,,,4.767,162.965,33179.094,2.117,3.998,127.234,,,30655.980,3309.375,,92.797,7.223,2.580,38.302,,,354.803,3.137,0.835,254.426,27.466,,1.074,,11.671,24.444,233.889,779.976,84.200,2166.600,,6.558,15.235,33.947,256.875,856.358,92.446,2379.531,,7.203,,,74.853,9.525,22.250,74.200,8.010,206.110,,0.624,7.745,189.293,2633.407,,,24394.238,-2.338,-0.209,81.015,8.746,,73.842,0.736,0.236,,-2.922,-0.022,2.183,,6.820,,,0.021,,3581.751,11.624,24.422,234.625,782.159,84.436,2173.420,,6.579,,0.000,0.000,0.000,0.000,0.000,,0.000,,0.000,0.000,0.000,0.000,0.000,,0.000
Japan,1972,JPN,109238963,1833991358515,,0.000,0.000,0.000,,,,0.000,,-2.281,-14.545,5704.205,623.121,,,-15.966,-41.013,1976.099,215.867,,16.315,,,,,7.072,253.306,35107.043,2.091,7.447,246.437,,,32550.770,3555.812,,93.101,0.039,0.015,38.317,,,350.761,1.726,0.474,255.769,27.940,,1.003,,1.069,2.500,236.389,779.026,85.100,2163.961,,6.189,2.578,6.624,263.499,868.084,94.829,2412.134,,6.899,,,18.352,4.083,26.333,86.782,9.480,241.062,,0.689,9.910,260.967,2894.374,,,26495.803,-4.787,-0.419,76.228,8.327,,75.783,0.777,0.249,,5.509,0.041,2.276,,7.111,,,0.020,,3835.057,1.081,2.541,237.166,781.302,85.349,2171.073,,6.210,,0.000,0.000,0.000,0.000,0.000,,0.000,,0.000,0.000,0.000,0.000,0.000,,0.000
Japan,1973,JPN,110614742,1981290079843,,0.000,0.000,0.000,,,,0.000,,5.729,35.700,5956.000,658.821,,,-20.223,-43.656,1556.856,172.211,,15.698,,,,,9.759,374.279,38054.023,2.125,12.031,427.797,,,36013.371,3983.610,,94.919,39.156,15.003,53.320,,,482.035,4.848,1.355,264.834,29.295,,1.270,,-21.530,-50.894,185.494,603.699,66.778,1676.941,,4.420,-19.076,-50.247,213.252,693.750,76.739,1927.881,,5.081,,,2.395,0.631,26.964,87.755,9.707,243.764,,0.642,13.029,377.094,3271.468,,,29575.334,-2.235,-0.186,73.598,8.141,,77.950,0.794,0.254,,2.175,0.017,2.296,,7.176,,,0.019,,4209.336,-21.461,-50.878,186.288,605.995,67.032,1684.117,,4.439,,0.000,0.000,0.000,0.000,0.000,,0.000,,0.000,0.000,0.000,0.000,0.000,,0.000
Japan,1974,JPN,112009689,1957033342773,,0.000,0.000,0.000,,,,0.000,,5.999,39.524,6234.690,698.346,,,-9.289,-15.997,1394.651,156.214,,16.808,,,,,-0.914,-38.481,37236.551,2.131,-2.862,-114.008,,,34547.027,3869.602,,93.132,36.671,19.553,72.873,,,650.595,-0.886,-0.260,259.218,29.035,,1.754,,23.813,44.172,229.667,738.150,82.680,2050.418,,5.528,33.813,72.095,285.347,916.765,102.687,2547.522,,6.868,,,102.936,27.756,54.719,175.869,19.699,488.524,,1.317,-5.291,-173.085,3098.383,,,27661.742,-4.000,-0.326,69.774,7.815,,74.571,0.961,0.308,,21.082,0.167,2.746,,8.580,,,0.023,,4170.854,23.803,44.340,230.628,740.896,82.988,2058.998,,5.551,,0.000,0.000,0.000,0.000,0.000,,0.000,,0.000,0.000,0.000,0.000,0.000,,0.000
Japan,1975,JPN,113321197,2017465104984,,0.000,0.000,0.000,,,,0.000,,-6.456,-45.082,5764.705,653.263,,,-6.576,-10.273,1287.854,145.941,,15.880,,,,,-0.978,-40.781,36445.727,2.047,-1.512,-58.526,,,33630.742,3811.076,,92.643,19.775,14.411,87.284,,,770.232,-5.288,-1.535,242.670,27.500,,2.122,,0.878,2.017,231.683,736.014,83.406,2044.484,,5.632,6.060,17.311,302.658,961.069,108.910,2670.796,,7.357,,,27.545,15.072,69.792,221.715,25.125,615.875,,1.697,-0.899,-27.854,3070.529,,,27095.807,-9.821,-0.768,62.193,7.048,,74.641,1.183,0.379,,23.073,0.222,3.340,,10.438,,,0.029,,4130.073,0.960,2.238,232.866,739.354,83.785,2054.921,,5.661,,0.000,0.000,0.000,0.000,0.000,,0.000,,0.000,0.000,0.000,0.000,0.000,,0.000
Japan,1976,JPN,114502792,2097612093750,,0.000,0.000,0.000,,,,0.000,,-2.215,-14.473,5578.820,638.791,,,-3.185,-4.648,1233.969,141.293,,14.899,,,,,4.219,174.246,37591.391,2.052,3.892,148.326,,,34579.086,3959.402,,92.350,19.879,17.351,104.635,,,913.819,2.340,0.643,245.785,28.143,,2.441,,0.221,0.511,232.194,730.026,83.590,2027.849,,5.416,8.380,25.349,328.007,1030.862,118.037,2864.619,,7.650,,,35.638,24.872,94.664,297.626,34.079,826.739,,2.208,4.737,145.447,3215.977,,,28086.447,-4.290,-0.302,58.910,6.745,,75.010,1.149,0.368,,-2.894,-0.034,3.210,,10.031,,,0.027,,4304.319,0.207,0.477,233.343,733.236,83.958,2037.881,,5.443,,0.000,0.000,0.000,0.000,0.000,,0.000,,0.000,0.000,0.000,0.000,0.000,,0.000
Japan,1977,JPN,115574278,2189767724296,,0.000,0.000,0.000,,,,0.000,,-5.657,-36.134,5214.454,602.657,,,-0.807,-1.140,1212.664,140.153,,14.114,,,,,-0.454,-19.539,37073.824,1.957,0.461,18.266,,,34416.547,3977.667,,93.155,22.125,23.150,127.785,,,1105.653,12.475,3.511,273.884,31.654,,2.993,,-12.707,-29.506,202.689,631.352,72.968,1753.754,,4.747,-10.908,-35.708,292.299,909.898,105.161,2529.097,,6.845,,,-7.101,-6.722,87.942,273.928,31.659,760.910,,2.060,0.972,31.249,3247.226,,,28096.438,2.241,0.151,59.672,6.897,,76.048,1.668,0.534,,45.224,0.519,4.618,,14.433,,,0.039,,4284.780,-12.454,-28.986,204.357,635.970,73.502,1768.187,,4.786,,0.000,0.000,0.000,0.000,0.000,,0.000,,0.000,0.000,0.000,0.000,0.000,,0.000
Japan,1978,JPN,116576940,2305153056093,,0.000,0.000,0.000,,,,0.000,,-9.446,-56.924,4681.307,545.732,,,4.044,5.668,1250.854,145.821,,12.512,,,,,2.163,92.682,37549.984,1.899,0.554,22.017,,,34309.395,3999.684,,91.702,40.348,51.559,179.344,,,1538.420,-5.813,-1.840,255.744,29.814,,4.112,,-4.003,-8.114,194.575,600.865,70.047,1669.069,,4.461,23.799,69.621,361.920,1116.753,130.188,3104.557,,8.298,,,87.350,76.817,164.758,508.788,59.313,1413.301,,3.777,0.843,27.382,3274.607,,,28089.666,-8.769,-0.605,53.971,6.292,,75.078,2.586,0.828,,55.055,0.918,7.100,,22.186,,,0.059,,4377.462,-3.574,-7.196,197.161,607.964,70.875,1691.255,,4.520,,0.000,0.000,0.000,0.000,0.000,,0.000,,0.000,0.000,0.000,0.000,0.000,,0.000
Japan,1979,JPN,117521561,2431612995703,,0.000,0.000,0.000,,,,0.000,,6.795,37.082,4959.211,582.814,,,-7.116,-10.377,1152.499,135.443,,13.126,,,,,1.855,81.202,37939.117,1.834,0.434,17.362,,,34181.355,4017.046,,90.468,18.648,33.445,212.789,,,1810.636,-8.595,-2.563,231.883,27.251,,4.792,,15.270,29.711,224.286,687.048,80.743,1908.468,,5.051,16.936,61.339,423.259,1295.385,152.236,3601.542,,9.532,,,18.681,30.778,195.536,598.979,70.393,1663.832,,4.404,-1.624,-53.164,3221.443,,,27411.508,-10.906,-0.686,47.699,5.606,,72.550,3.437,1.100,,32.875,0.850,9.358,,29.243,,,0.077,,4458.664,15.475,30.561,227.723,696.406,81.843,1937.710,,5.129,,0.000,0.000,0.000,0.000,0.000,,0.000,,0.000,0.000,0.000,0.000,0.000,,0.000
Japan,1980,JPN,118358761,2500143716750,,0.000,0.000,0.000,,,,0.000,,16.171,94.246,5720.409,677.060,,,-9.115,-12.346,1040.041,123.098,,15.826,,,,,-3.591,-160.106,36318.035,1.719,-5.402,-217.017,,,32106.020,3800.029,,88.825,18.338,39.021,251.809,,,2127.509,-7.562,-2.061,212.833,25.191,,5.886,,9.349,20.969,245.256,745.969,88.292,2072.137,,5.733,12.966,54.827,478.086,1452.993,171.974,4039.293,,11.175,,,17.328,33.883,229.419,697.802,82.591,1938.339,,5.363,-10.874,-350.284,2871.159,,,24258.102,21.320,1.195,57.459,6.801,,67.113,3.411,1.091,,-0.754,-0.026,9.221,,28.817,,,0.080,,4298.558,9.214,20.944,248.666,755.191,89.383,2100.954,,5.813,,0.000,0.000,0.000,0.000,0.000,,0.000,,0.000,0.000,0.000,0.000,0.000,,0.000
Japan,1981,JPN,118994054,2579316807375,,0.000,0.000,0.000,,,,0.000,,12.113,82.010,6379.058,759.070,,,-8.061,-9.923,951.095,113.175,,18.031,,,,,-1.588,-68.250,35550.578,1.640,-2.136,-81.151,,,31252.635,3718.878,,88.341,0.199,0.501,252.311,,,2120.362,-5.128,-1.292,200.841,23.899,,5.994,,-0.791,-1.939,243.317,736.121,87.594,2044.780,,5.780,2.661,12.727,490.813,1483.692,176.551,4124.683,,11.659,,,6.331,14.525,243.944,738.020,87.820,2050.056,,5.795,-5.700,-163.662,2707.497,,,22753.215,-28.145,-1.914,41.067,4.887,,64.316,3.552,1.137,,4.131,0.141,9.551,,29.847,,,0.084,,4230.308,-0.730,-1.798,246.868,745.672,88.731,2074.627,,5.864,,0.000,0.000,0.000,0.000,0.000,,0.000,,0.000,0.000,0.000,0.000,0.000,,0.000
Japan,1982,JPN,119485775,2658129674062,,0.000,0.000,0.000,,,,0.000,,-4.627,-35.123,6058.858,723.947,,,1.267,1.434,959.181,114.608,,17.745,,,,,-3.063,-129.583,34319.773,1.543,-4.872,-181.173,,,29607.746,3537.705,,86.714,2.407,6.073,258.383,,,2162.461,-2.703,-0.646,194.608,23.253,,6.333,,-6.836,-16.633,226.683,682.977,81.606,1897.157,,5.556,9.831,51.245,542.057,1622.844,193.907,4536.584,,13.286,,,16.636,40.583,284.528,857.257,102.430,2381.269,,6.974,-5.619,-152.124,2555.374,,,21386.428,25.884,1.265,51.484,6.152,,62.635,30.846,9.871,,768.503,27.294,82.610,,258.157,,,0.756,,4100.725,3.095,10.661,257.529,765.587,91.477,2155.315,,6.312,,0.000,0.000,0.000,0.000,0.000,,0.000,,0.000,0.000,0.000,0.000,0.000,,0.000
Japan,1983,JPN,119948943,2719951102851,,0.000,0.000,0.000,,,,0.000,,-1.432,-10.365,5949.051,713.582,,,-3.123,-3.579,925.636,111.029,,16.997,,,,,2.920,119.740,35185.508,1.552,2.108,74.564,,,30115.049,3612.268,,86.041,7.617,19.680,278.063,,,2318.181,2.778,0.646,199.242,23.899,,6.623,,3.268,7.408,234.092,702.574,84.273,1951.594,,5.576,8.090,43.979,586.036,1747.362,209.594,4885.713,,13.959,,,11.580,32.947,317.475,952.830,114.291,2646.751,,7.562,2.553,65.249,2620.623,,,21847.816,0.000,0.000,51.285,6.152,,62.421,34.469,11.030,,11.746,3.623,91.958,,287.368,,,0.821,,4220.464,4.183,11.032,268.561,794.532,95.303,2238.962,,6.397,,0.000,0.000,0.000,0.000,0.000,,0.000,,0.000,0.000,0.000,0.000,0.000,,0.000
Japan,1984,JPN,120384395,2826577005218,,0.000,0.000,0.000,,,,0.000,,11.827,84.398,6628.604,797.980,,,-2.403,-2.668,900.122,108.361,,18.345,,,,,3.569,150.624,36309.426,1.546,3.540,127.877,,,31068.355,3740.145,,85.982,34.495,95.918,373.981,,,3106.556,1.351,0.323,201.204,24.222,,8.597,,-15.018,-35.156,198.936,594.903,71.617,1652.507,,4.573,4.011,23.727,609.764,1810.866,218.000,5065.138,,14.018,,,17.476,55.481,372.956,1115.294,134.264,3098.039,,8.574,-2.001,-52.439,2568.184,,,21333.195,-14.545,-0.895,43.667,5.257,,59.040,37.872,12.119,,9.871,3.402,100.669,,314.592,,,0.871,,4371.088,-12.137,-31.753,236.808,695.572,83.736,1967.099,,5.444,,0.000,0.000,0.000,0.000,0.000,,0.000,,0.000,0.000,0.000,0.000,0.000,,0.000
Japan,1985,JPN,120832158,2950873707304,,0.000,0.000,0.000,,,,0.000,,4.367,34.846,6892.424,832.826,822.084,99.334,-1.622,-1.757,882.244,106.603,14.783,18.688,,,671.953,16.806,2.517,110.000,37085.230,1.519,0.082,3.071,3403.378,411.238,30978.641,3743.216,61.200,83.997,7.117,26.617,400.598,1059.678,128.043,3315.323,5.333,1.292,211.149,25.514,19.055,8.989,,15.718,31.269,230.206,685.860,82.874,1905.168,12.333,5.166,17.042,103.400,713.164,2111.619,255.151,5902.102,37.972,16.003,,,18.854,70.317,443.272,1320.658,159.578,3668.495,23.748,9.947,-2.274,-58.392,2509.792,1521.617,183.860,20770.893,35.754,1.880,59.060,7.136,27.362,56.319,39.686,12.699,,4.790,1.814,105.100,,328.438,1.890,,0.891,5561.044,4481.088,14.137,33.083,269.891,790.961,95.573,2233.606,14.223,6.056,,0.000,0.000,0.000,0.000,0.000,0.000,0.000,,0.000,0.000,0.000,0.000,0.000,0.000,0.000
Japan,1986,JPN,121366733,3036325916250,,0.000,0.000,0.000,,,,0.000,,-4.773,-39.751,6534.539,793.076,813.850,98.774,-2.259,-2.408,858.517,104.195,14.604,17.821,,,676.363,16.980,-0.135,-6.051,36872.027,1.474,-0.533,-19.961,3381.923,410.453,30677.719,3723.255,60.685,83.664,1.752,7.020,407.618,1078.018,130.836,3358.566,-6.329,-1.615,196.914,23.899,19.344,9.159,,-2.483,-5.717,224.489,665.883,80.816,1849.674,11.949,5.044,1.896,13.821,726.985,2142.177,259.989,5989.983,38.439,16.336,,,3.629,16.088,459.360,1362.562,165.370,3784.895,24.450,10.322,0.509,12.769,2522.561,1490.055,180.843,20784.615,17.039,1.216,68.819,8.352,26.738,56.684,43.135,13.803,,8.692,3.450,113.733,,355.415,2.041,,0.969,5572.886,4475.038,-0.998,-2.267,267.624,779.615,94.619,2205.089,13.989,6.014,,0.000,0.000,0.000,0.000,0.000,0.000,0.000,,0.000,0.000,0.000,0.000,0.000,0.000,0.000
Japan,1987,JPN,121943588,3162653763750,,0.000,0.000,0.000,,,,0.000,,2.049,16.251,6636.892,809.326,880.187,107.333,-18.488,-19.264,696.480,84.931,14.926,17.424,,,719.085,17.347,4.359,195.073,38297.301,1.477,3.863,143.816,3560.372,434.165,31711.959,3867.070,60.377,83.253,2.558,10.427,418.045,1107.383,135.038,3428.187,4.054,0.969,203.928,24.868,18.779,9.000,,-7.460,-16.747,207.742,613.292,74.787,1703.588,10.400,4.472,6.999,50.886,777.871,2281.255,278.184,6378.940,38.686,16.747,,,14.051,64.542,523.903,1546.658,188.605,4296.271,26.228,11.279,4.644,117.137,2639.698,1572.801,191.793,21646.881,-6.471,-0.540,64.061,7.812,26.672,56.830,46.226,14.792,,7.166,3.091,121.306,,379.081,2.057,,0.995,5896.866,4670.110,-5.326,-13.656,253.968,734.598,89.579,2082.669,12.457,5.468,,0.000,0.000,0.000,0.000,0.000,0.000,0.000,,0.000,0.000,0.000,0.000,0.000,0.000,0.000
Japan,1988,JPN,122476957,3358737909000,,0.000,0.000,0.000,,,,0.000,,8.086,65.445,7142.338,874.772,916.072,112.198,-13.946,-11.845,596.737,73.087,14.886,17.852,,,753.728,17.144,5.508,257.228,40230.734,1.467,6.447,249.292,3814.428,467.180,33609.281,4116.363,61.983,84.004,6.063,25.345,443.390,1158.854,141.933,3620.192,-3.896,-0.969,195.129,23.899,18.831,9.048,,20.731,43.067,250.808,737.208,90.291,2047.800,11.979,5.118,0.715,5.942,783.813,2287.569,280.174,6399.680,37.172,15.996,,,-7.798,-40.856,483.047,1419.834,173.897,3943.983,23.072,9.858,6.005,158.502,2798.201,1739.502,213.049,22846.752,-0.336,-0.026,63.568,7.786,28.266,57.104,49.958,15.987,,8.072,3.732,130.527,,407.897,2.121,,1.020,6154.040,4927.338,18.641,46.798,300.766,867.735,106.278,2455.697,14.100,6.138,,0.000,0.000,0.000,0.000,0.000,0.000,0.000,,0.000,0.000,0.000,0.000,0.000,0.000,0.000
Japan,1989,JPN,122947411,3520997607500,,0.000,0.000,0.000,,,,0.000,,0.159,1.392,7126.333,876.164,950.540,116.866,-9.261,-6.768,539.402,66.318,14.613,17.411,,,799.769,17.762,2.704,133.215,41160.309,1.437,2.229,91.735,4052.552,498.251,34226.805,4208.097,62.299,83.621,3.872,17.170,460.560,1216.683,149.588,3745.989,-4.054,-0.969,186.502,22.930,18.704,9.152,,1.606,4.028,254.836,746.181,91.741,2072.724,11.471,5.064,5.150,40.445,824.258,2396.164,294.602,6704.154,36.836,16.379,,,6.853,33.104,516.151,1511.331,185.814,4198.141,23.233,10.257,2.615,73.173,2871.374,1885.329,231.796,23354.486,-8.385,-0.653,58.014,7.133,28.983,57.058,53.272,17.047,,6.633,3.314,138.653,,433.289,2.131,,1.059,6504.968,5060.553,2.362,7.342,308.108,884.833,108.788,2506.014,13.602,6.123,,0.000,0.000,0.000,0.000,0.000,0.000,0.000,,0.000,0.000,0.000,0.000,0.000,0.000,0.000
Japan,1990,JPN,123399767,3699821545804,,0.000,0.000,0.000,,,,0.000,,3.598,31.526,7355.685,907.690,966.650,119.284,-18.940,-12.561,435.635,53.757,13.532,17.601,,,881.500,19.029,2.445,123.732,42012.113,1.401,3.126,131.550,4698.166,579.753,35167.387,4339.647,65.769,84.152,9.249,42.599,503.159,1401.383,172.930,4077.470,14.606,3.349,212.960,26.279,19.618,9.757,,-5.282,-13.461,241.375,704.175,86.895,1956.041,9.858,4.681,-0.609,-6.967,817.291,2372.836,292.807,6623.120,33.217,15.848,,,4.713,24.325,540.476,1576.756,194.571,4379.877,22.073,10.481,2.000,57.425,2928.799,2330.133,287.538,23734.232,0.000,0.000,57.802,7.133,32.619,56.793,35.438,11.340,,-33.477,-17.834,91.897,,287.180,1.286,,0.687,7143.450,5184.285,-9.699,-31.292,276.816,796.080,98.236,2243.243,11.144,5.368,,0.003,0.003,0.008,0.001,0.023,0.000,0.000,,0.000,0.000,0.000,0.000,0.000,0.000,0.000
Japan,1991,JPN,123889870,3824677506935,,0.000,0.000,0.000,,,,0.000,,-0.794,-7.209,7268.397,900.481,1013.577,125.572,-2.542,-1.367,422.880,52.391,13.779,16.882,,,911.303,19.103,3.457,179.223,43292.547,1.402,2.672,115.937,4724.863,585.363,35964.074,4455.584,64.234,83.532,5.735,28.856,532.015,1487.968,184.344,4294.254,5.000,1.314,222.722,27.593,20.229,9.974,,8.655,20.892,262.267,762.096,94.416,2116.934,10.361,4.917,7.498,61.091,878.383,2540.655,314.761,7090.027,34.540,16.468,,,7.258,39.228,579.704,1684.508,208.694,4679.190,22.901,10.868,3.219,94.290,3023.089,2223.318,275.447,24401.424,35.419,2.526,77.965,9.659,30.226,56.676,36.409,11.651,,2.740,0.971,94.042,,293.881,1.278,,0.683,7355.750,5363.508,7.972,21.863,298.678,856.146,106.068,2410.838,11.639,5.600,0.000,0.000,0.003,0.008,0.001,0.022,0.000,0.000,,0.000,0.000,0.000,0.000,0.000,0.000,0.000
Japan,1992,JPN,124383707,3856515730401,,0.000,0.000,0.000,,,,0.000,,-1.691,-15.226,7117.127,885.255,1061.028,131.975,-5.590,-2.929,397.656,49.462,14.395,16.397,,,916.787,18.920,1.171,62.786,43625.438,1.407,1.817,80.949,4809.917,598.275,36472.086,4536.533,65.258,84.028,3.965,21.094,553.108,1480.573,184.159,4446.792,-0.933,-0.258,219.767,27.335,20.087,10.245,,-15.220,-39.917,222.350,643.541,80.046,1787.614,8.731,4.118,-1.849,-16.097,862.286,2483.780,308.942,6932.468,33.698,15.972,,,3.997,23.171,602.875,1744.884,217.035,4846.899,23.673,11.167,2.484,75.081,3098.170,2268.315,282.141,24908.166,13.387,1.293,88.051,10.952,30.775,57.386,37.032,11.850,,1.710,0.623,95.271,,297.721,1.293,,0.686,7370.636,5426.293,-13.351,-39.268,259.411,738.896,91.907,2085.569,10.025,4.805,950.000,0.026,0.029,0.084,0.010,0.234,0.001,0.001,,0.000,0.000,0.000,0.000,0.000,0.000,0.000
Japan,1993,JPN,124839955,3860865231367,,0.000,0.000,0.000,,,,0.000,,1.983,17.551,7231.704,902.806,1123.281,140.230,-5.000,-2.473,376.393,46.989,15.142,16.458,,,926.103,19.072,1.671,90.685,44192.410,1.429,-0.717,-32.523,4496.559,561.350,36078.270,4504.010,60.614,82.109,0.693,3.830,556.939,1460.462,182.324,4461.222,3.233,0.884,226.043,28.219,19.687,10.153,,15.659,34.817,257.167,741.590,92.580,2059.971,9.997,4.688,13.893,119.124,981.410,2818.511,351.863,7861.347,37.994,17.891,,,14.129,85.180,688.055,1984.140,247.700,5511.499,26.746,12.543,-1.740,-53.905,3044.265,1912.817,238.796,24385.346,-13.033,-1.427,76.295,9.525,25.785,55.497,36.123,11.559,,-2.454,-0.909,92.594,,289.355,1.248,,0.659,7418.322,5516.979,13.336,33.944,293.355,834.371,104.163,2349.848,11.247,5.348,114.286,0.033,0.062,0.180,0.023,0.501,0.002,0.001,,0.003,0.003,0.008,0.001,0.021,0.000,0.000
Japan,1994,JPN,125286861,3893220587047,,0.000,0.000,0.000,,,,0.000,,4.710,42.520,7545.290,945.326,1251.904,156.847,-4.017,-1.887,359.986,45.101,15.932,16.609,,,984.493,19.345,3.651,201.418,45642.430,1.469,5.528,248.976,5084.999,637.083,37936.820,4752.985,64.712,83.509,6.944,38.676,595.615,1589.309,199.120,4754.007,-0.892,-0.252,223.227,27.967,20.226,10.465,,-30.372,-78.106,179.061,514.515,64.462,1429.209,6.548,3.146,-4.448,-42.809,938.601,2683.542,336.212,7491.619,34.151,16.491,,,4.258,29.300,717.355,2061.254,258.248,5725.704,26.232,12.604,5.511,167.780,3212.045,2243.786,281.117,25637.523,-8.185,-0.780,69.801,8.745,28.554,56.435,42.102,13.473,,16.551,5.979,107.533,,336.042,1.368,,0.740,7857.911,5718.397,-25.151,-72.109,221.246,622.288,77.964,1765.915,7.919,3.887,28.889,0.018,0.081,0.231,0.029,0.643,0.003,0.001,0.000,0.000,0.003,0.008,0.001,0.021,0.000,0.000
Japan,1995,JPN,125672659,3997430939864,,0.000,0.000,0.000,,,,0.000,,3.653,34.530,7796.887,979.856,1341.587,168.601,-9.668,-4.360,324.184,40.741,16.679,16.662,,,1010.880,19.439,3.384,193.508,47042.098,1.479,1.414,67.230,4921.040,618.440,38355.324,4820.216,61.178,81.966,1.773,10.561,606.176,1600.703,201.165,4823.451,1.584,0.443,226.066,28.410,19.900,10.308,,22.232,39.808,218.869,626.970,78.793,1741.583,7.794,3.722,13.029,121.965,1060.566,3023.863,380.017,8439.115,37.593,18.034,,,11.090,79.556,796.912,2282.822,286.888,6341.171,28.380,13.551,0.689,22.139,3234.184,1978.749,248.675,25734.988,1.693,0.148,70.764,8.893,24.600,54.996,44.672,14.295,,6.106,2.571,113.749,,355.466,1.414,,0.760,8043.754,5911.905,19.450,42.408,263.654,741.041,93.129,2097.944,9.213,4.483,36.207,0.029,0.110,0.314,0.040,0.873,0.004,0.002,0.000,0.000,0.003,0.008,0.001,0.021,0.000,0.000
Japan,1996,JPN,125975304,4118875121023,,0.000,0.000,0.000,,,,0.000,,2.626,25.727,7982.378,1005.582,1416.503,178.444,3.514,1.432,334.770,42.173,17.327,16.765,,,1029.857,19.426,1.988,117.509,47861.875,1.464,1.911,92.128,4990.016,628.619,38994.496,4912.344,61.039,81.898,6.697,40.597,646.772,1690.142,212.916,5134.121,-2.313,-0.657,220.306,27.753,20.674,10.783,,-2.056,-4.500,214.369,612.604,77.173,1701.678,7.494,3.574,2.358,25.223,1085.790,3087.734,388.978,8619.066,37.770,18.102,,,3.351,26.702,823.614,2353.645,296.501,6537.903,28.791,13.731,0.798,25.804,3259.989,1883.371,237.258,25877.998,3.413,0.303,73.003,9.197,23.038,54.350,47.649,15.248,,6.663,2.977,121.037,,378.241,1.481,,0.794,8175.071,6029.414,-0.700,-1.479,262.175,734.089,92.477,2081.163,8.980,4.371,37.975,0.042,0.151,0.433,0.054,1.202,0.005,0.003,100.000,0.003,0.005,0.015,0.002,0.042,0.000,0.000
Japan,1997,JPN,126265926,4160709430865,,0.000,0.000,0.000,,,,0.000,,2.721,27.364,8180.719,1032.946,1489.991,188.135,-34.105,-14.383,220.089,27.790,17.835,16.899,,,1054.864,19.707,1.950,117.550,48682.684,1.477,0.332,16.304,4884.573,616.755,39033.867,4928.647,58.468,80.632,3.800,24.575,671.348,1739.799,219.677,5316.936,4.639,1.287,229.995,29.041,20.825,10.983,,12.008,25.742,240.111,684.587,86.440,1901.630,8.194,3.928,9.037,98.062,1183.851,3359.036,424.132,9375.858,40.207,19.368,,,8.316,68.488,892.103,2543.497,321.157,7065.268,30.445,14.595,-1.093,-35.635,3224.353,1654.784,208.943,25536.211,-9.868,-0.908,65.648,8.289,19.808,52.750,51.368,16.438,,7.804,3.719,130.183,,406.821,1.558,,0.840,8354.305,6146.964,11.352,29.574,291.749,815.540,102.975,2310.591,9.762,4.773,76.702,0.116,0.268,0.763,0.096,2.119,0.009,0.004,-50.000,-0.003,0.003,0.008,0.001,0.021,0.000,0.000
Japan,1998,JPN,126549182,4111245191910,,0.000,0.000,0.000,,,,0.000,,-4.669,-48.227,7781.318,984.719,1519.032,192.232,-14.286,-3.970,188.226,23.820,18.141,16.373,,,1059.663,20.215,-1.583,-97.283,47804.980,1.471,-2.397,-118.146,4857.686,614.736,38012.902,4810.501,58.012,79.983,3.022,20.291,691.639,1818.262,230.100,5465.376,-0.778,-0.226,227.695,28.815,21.714,11.500,,3.053,7.331,247.442,703.908,89.079,1955.300,8.406,4.114,1.708,20.030,1203.881,3408.760,431.376,9513.151,40.709,20.017,,,1.500,13.380,905.483,2575.867,325.974,7155.186,30.762,15.055,-2.798,-90.210,3134.143,1520.392,192.404,24766.207,-1.245,-0.103,64.686,8.186,18.157,52.111,50.539,16.173,,-1.612,-0.828,127.797,,399.366,1.526,,0.840,8373.526,6049.681,2.357,6.650,298.399,832.893,105.402,2357.966,9.947,4.961,48.746,0.130,0.398,1.132,0.143,3.144,0.014,0.007,636.842,0.017,0.020,0.056,0.007,0.155,0.001,0.000
Japan,1999,JPN,126801566,4098283065888,,0.000,0.000,0.000,,,,0.000,,5.205,51.258,8170.066,1035.977,1668.851,211.613,6.831,1.627,200.683,25.447,19.609,16.955,,,1079.142,20.127,1.559,94.330,48453.750,1.499,2.773,133.412,5122.475,649.538,38989.371,4943.913,60.190,80.914,5.029,34.780,726.419,1929.683,244.687,5728.783,0.351,0.101,228.039,28.916,22.674,11.889,,-5.935,-14.686,232.756,660.812,83.792,1835.589,7.765,3.809,-3.154,-37.690,1166.192,3294.661,417.768,9196.980,38.713,19.086,,,-2.681,-24.275,881.208,2501.822,317.235,6949.504,29.397,14.422,1.512,47.374,3181.517,1523.941,193.238,25090.521,-8.350,-0.683,59.167,7.502,17.907,52.070,51.521,16.487,,1.943,0.982,130.021,,406.314,1.528,,0.843,8510.479,6144.011,-4.619,-13.415,284.983,792.839,100.533,2247.476,9.316,4.664,52.203,0.208,0.606,1.719,0.218,4.776,0.020,0.010,414.286,0.081,0.101,0.287,0.036,0.797,0.003,0.002
Japan,2000,JPN,127027794,4209651870326,,0.000,0.000,0.000,126.823,16.110,1.465,0.000,424.430,7.203,74.626,8742.995,1110.603,1875.495,238.240,-25.814,-6.569,148.613,18.878,21.665,17.858,1099.670,8656.925,1099.670,20.116,1.779,109.312,49227.996,1.485,2.074,102.546,5349.381,679.520,39727.203,5046.459,61.793,81.144,4.162,30.232,756.650,2034.988,258.500,5956.572,7.844,2.268,245.488,31.184,23.507,12.166,466.730,0.807,1.878,234.633,664.973,84.470,1847.102,7.681,3.773,0.571,6.496,1172.688,3307.544,420.150,9231.741,38.207,18.856,0.000,0.000,0.595,5.241,886.449,2512.206,319.120,6978.385,29.020,14.254,-0.073,-2.312,3179.205,1438.898,182.780,25027.635,8.625,0.647,64.155,8.150,16.621,51.120,50.347,16.111,,-2.279,-1.174,126.831,,396.347,1.465,,0.810,8656.925,6253.324,0.496,1.256,286.239,795.338,101.030,2253.357,9.187,4.603,57.808,0.350,0.956,2.677,0.340,7.524,0.031,0.015,199.750,0.202,0.303,0.866,0.110,2.384,0.010,0.005
Japan,2001,JPN,127260144,4224163277272,,0.000,0.000,0.000,125.962,16.030,1.480,0.000,424.020,2.391,26.551,8935.670,1137.155,1995.204,253.910,2.236,0.422,151.660,19.300,23.442,18.480,1083.140,8511.228,1083.140,20.024,-1.081,-67.620,48606.762,1.464,-1.110,-56.011,5219.859,664.280,39214.539,4990.448,61.329,81.102,2.727,20.634,777.284,2015.714,256.520,6107.835,-0.474,-0.148,243.879,31.036,23.683,12.632,459.270,-3.470,-9.393,225.240,640.735,81.540,1769.921,7.528,3.660,-0.309,-9.817,1162.871,3291.368,418.860,9137.747,38.671,18.898,0.000,0.000,0.444,-0.985,885.464,2518.778,320.540,6957.906,29.594,14.390,-3.246,-103.196,3076.010,1208.941,153.850,24171.035,0.252,0.021,64.200,8.170,14.204,49.989,50.090,16.029,,-0.511,-0.257,125.953,,393.602,1.480,,0.814,8511.228,6185.704,-2.687,-8.832,277.407,772.591,98.320,2179.840,9.077,4.508,45.247,0.425,1.380,3.929,0.500,10.848,0.046,0.022,131.193,0.393,0.696,1.964,0.250,5.470,0.023,0.011
Japan,2002,JPN,127484599,4226576076119,,0.000,0.000,0.000,132.879,16.940,1.536,0.000,433.730,6.222,70.753,9474.934,1207.908,2074.133,264.420,-57.205,-11.041,64.789,8.260,23.971,19.698,1103.070,8652.574,1103.070,20.399,-0.320,-19.807,48365.816,1.459,0.081,4.033,5413.752,690.170,39177.137,4994.481,62.568,81.446,-2.164,-16.824,760.460,1982.671,252.760,5965.116,10.691,3.318,269.477,34.354,22.914,12.401,478.430,-1.149,-4.418,220.822,632.233,80.600,1732.146,7.307,3.601,-1.421,-25.097,1137.774,3238.823,412.900,8924.793,37.432,18.554,0.000,0.000,-1.959,-24.482,860.982,2465.082,314.260,6753.614,28.490,14.040,-1.622,-49.896,3026.113,1356.948,172.990,23737.088,-1.211,-0.099,63.310,8.071,15.683,49.347,52.935,16.939,,5.681,2.846,132.873,,415.229,1.536,,0.863,8652.574,6165.896,0.335,-0.615,276.792,773.741,98.640,2171.179,8.942,4.514,38.996,0.523,1.903,5.412,0.690,14.928,0.063,0.031,63.889,0.435,1.132,3.216,0.410,8.876,0.037,0.018
Japan,2003,JPN,127671254,4288493482445,,0.000,0.000,0.000,140.047,17.880,1.636,0.000,476.320,2.761,33.351,9722.310,1241.259,2287.594,292.060,-2.302,-0.190,63.205,8.069,26.731,20.238,1092.590,8557.839,1092.590,19.737,-0.048,-2.984,48271.730,1.437,3.987,199.139,5877.439,750.380,40679.637,5193.620,68.679,84.680,9.800,74.522,834.982,2139.088,273.100,6540.096,3.134,1.077,277.515,35.431,24.996,13.614,520.420,14.730,31.145,251.967,724.282,92.470,1973.563,8.463,4.108,-17.121,-198.161,939.612,2680.400,342.210,7359.623,31.321,15.320,0.000,0.000,-26.787,-234.067,626.915,1802.128,230.080,4910.382,21.058,10.222,3.016,91.266,3117.379,1450.757,185.220,24417.232,2.265,0.183,64.650,8.254,16.952,50.828,55.864,17.876,,5.532,2.929,140.020,,437.561,1.636,,0.911,8557.839,6162.913,13.672,35.906,312.698,878.271,112.130,2449.240,10.263,5.098,37.335,0.696,2.599,7.441,0.950,20.360,0.087,0.042,101.453,1.136,2.267,6.501,0.830,17.757,0.076,0.037
Japan,2004,JPN,127815769,4380398118363,,0.000,0.000,0.000,141.219,18.050,1.610,0.000,450.260,2.646,32.843,9968.273,1274.103,2311.061,295.390,0.044,0.004,63.161,8.073,26.346,20.499,1121.190,8771.922,1121.190,20.287,1.366,84.194,48875.867,1.426,-1.254,-65.153,5655.719,722.890,40123.898,5128.467,64.475,82.513,-3.466,-28.942,806.041,2017.435,257.860,6306.269,3.809,1.349,287.759,36.780,22.999,12.969,504.830,-0.871,-3.547,248.420,717.204,91.670,1943.579,8.176,3.997,16.389,147.277,1086.889,3116.204,398.300,8503.561,35.525,17.487,0.000,0.000,24.247,147.789,774.703,2236.578,285.870,6061.095,25.497,12.464,-2.215,-69.055,3048.324,1327.223,169.640,23849.357,7.947,0.656,69.708,8.910,15.130,49.045,56.417,18.053,,0.990,0.553,141.246,,441.393,1.610,,0.908,8771.922,6247.106,0.265,-0.512,312.186,879.625,112.430,2442.466,10.028,5.023,33.300,0.847,3.446,9.936,1.270,26.962,0.113,0.055,73.077,1.635,3.902,11.266,1.440,30.532,0.128,0.063
Japan,2005,JPN,127913331,4450600710060,,0.000,0.000,0.000,169.568,21.690,1.881,0.000,461.800,4.765,60.712,10435.302,1334.814,2495.440,319.200,-16.805,-1.357,52.507,6.716,27.683,21.113,1153.070,9014.463,1153.070,20.428,1.710,106.830,49673.758,1.428,2.345,120.263,5919.946,757.240,41033.484,5248.729,65.672,83.020,2.635,21.239,827.280,1978.605,253.090,6467.501,7.366,2.709,308.722,39.490,21.949,13.085,532.490,-15.388,-39.921,208.499,606.348,77.560,1629.999,6.726,3.298,-0.621,-13.368,1073.521,3094.517,395.830,8392.563,34.328,16.980,0.000,0.000,2.509,13.034,787.737,2290.926,293.040,6158.365,25.414,12.460,1.257,38.312,3086.636,1445.901,184.950,24130.680,9.044,0.806,75.955,9.716,16.040,48.822,67.769,21.686,,20.121,11.352,169.537,,529.802,1.881,,1.072,9014.463,6353.936,-8.578,-26.402,285.784,803.591,102.790,2234.198,8.914,4.520,28.190,0.936,4.382,12.743,1.630,34.257,0.141,0.069,32.639,1.232,5.134,14.932,1.910,40.140,0.166,0.081
Japan,2006,JPN,127997247,4514225078439,,0.043,0.337,0.043,168.207,21.530,1.849,0.001,447.250,-1.699,-22.672,10251.329,1312.142,2432.396,311.340,22.118,1.486,64.078,8.202,26.739,20.818,1164.350,9096.680,1164.350,20.821,-0.281,-17.834,49501.863,1.404,-1.434,-75.262,5825.047,745.590,40418.582,5173.467,64.035,82.081,7.038,58.224,885.503,2187.860,280.040,6918.144,10.242,4.045,340.118,43.534,24.051,14.049,520.750,14.499,28.953,237.452,693.843,88.810,1855.133,7.627,3.767,5.804,55.905,1129.426,3271.633,418.760,8823.827,35.965,17.919,0.000,0.000,3.840,25.874,813.611,2377.317,304.290,6356.473,26.134,12.909,-3.590,-110.813,2975.822,1204.792,154.210,23249.111,0.993,0.096,76.658,9.812,13.244,47.214,67.275,21.528,,-0.729,-0.494,168.191,,525.597,1.849,,1.067,9096.680,6336.102,11.403,30.031,315.815,894.316,114.470,2467.354,9.831,5.011,22.425,0.954,5.336,15.625,2.000,41.688,0.172,0.085,11.780,0.574,5.709,16.641,2.130,44.599,0.183,0.091
Japan,2007,JPN,128087683,4590814009043,80.527,0.035,0.608,0.078,173.319,22.200,1.881,0.001,470.190,4.974,65.262,10753.599,1377.404,2477.287,317.310,4.667,0.383,67.021,8.585,26.888,22.049,1180.110,9213.298,1180.110,21.055,-0.958,-60.681,48993.164,1.367,0.975,50.446,6240.569,799.340,40783.887,5223.913,67.734,83.623,7.724,68.397,953.901,2317.553,296.850,7447.247,6.247,2.720,361.110,46.254,25.154,15.270,554.880,-16.099,-39.288,198.164,581.711,74.510,1547.098,6.314,3.172,-9.062,-106.333,1023.093,2972.729,380.770,7987.439,32.266,16.377,0.000,0.000,-8.308,-71.567,742.044,2178.273,279.010,5793.252,23.643,11.878,-2.796,-83.213,2892.609,1445.728,185.180,22583.039,3.708,0.364,79.445,10.176,15.692,46.304,69.369,22.198,,3.112,2.094,173.303,,541.572,1.881,,1.110,9213.298,6275.421,-11.065,-34.766,281.048,794.456,101.760,2194.187,8.623,4.499,15.877,0.814,6.150,18.035,2.310,48.015,0.196,0.098,28.337,1.579,7.287,21.392,2.740,56.893,0.232,0.117
Japan,2008,JPN,128155992,4542408020234,5.517,0.004,0.641,0.082,166.126,21.290,1.799,0.001,485.220,2.714,37.377,11039.521,1414.781,2603.858,333.700,-13.741,-1.180,57.781,7.405,28.191,23.081,1183.700,9236.399,1183.700,21.368,-1.870,-117.336,48051.477,1.356,-0.730,-38.134,6476.326,829.980,40464.586,5185.779,70.117,84.603,3.889,37.094,990.995,2534.645,324.830,7732.725,-0.460,-0.213,359.256,46.041,27.442,16.167,574.360,0.879,0.159,198.323,586.473,75.160,1547.512,6.350,3.236,-7.096,-79.300,943.793,2760.074,353.720,7364.408,29.883,15.397,0.000,0.000,-9.772,-77.812,664.233,1964.325,251.740,5183.001,21.267,10.837,-3.893,-112.606,2780.003,1337.823,171.450,21692.338,3.860,0.393,82.468,10.569,14.484,45.354,66.541,21.293,,-4.077,-2.828,166.149,,519.216,1.799,,1.086,9236.399,6158.084,0.236,-1.488,279.560,795.749,101.980,2181.407,8.615,4.561,12.173,0.694,6.844,20.210,2.590,53.406,0.219,0.112,7.482,0.483,7.770,22.941,2.940,60.633,0.248,0.127
Japan,2009,JPN,128192471,4298103109270,612.660,0.504,4.570,0.586,158.590,20.330,1.825,0.010,460.210,-16.104,-227.833,9259.104,1186.947,2434.464,312.080,4.310,0.319,60.254,7.724,28.014,21.217,1114.020,8690.214,1114.020,22.370,-8.700,-535.752,43858.520,1.308,-11.152,-578.328,5788.874,742.090,35941.664,4607.451,66.614,82.359,-6.682,-66.215,924.780,2533.066,324.720,7213.998,-3.704,-1.706,345.850,44.335,29.148,16.531,512.680,-6.251,-13.372,184.951,549.720,70.470,1442.758,6.326,3.306,5.279,43.118,986.911,2901.340,371.930,7698.666,33.386,17.641,0.000,0.000,9.099,56.635,720.867,2142.481,274.650,5623.322,24.654,12.886,-10.226,-284.280,2495.723,821.343,105.290,19468.562,-7.604,-0.804,76.175,9.765,9.451,44.611,63.518,20.326,,-4.543,-3.023,158.557,,495.489,1.825,,1.135,8690.214,5622.332,-4.142,-13.517,266.043,758.859,97.280,2075.344,8.732,4.756,17.407,1.149,7.993,23.792,3.050,62.355,0.274,0.143,16.377,1.225,8.996,26.757,3.430,70.172,0.308,0.161
Japan,2010,JPN,128185273,4480295644398,282.328,1.654,17.472,2.240,170.300,21.830,1.888,0.038,446.660,13.968,165.787,10552.965,1352.735,2471.813,316.850,-28.396,-2.193,43.147,5.531,27.408,22.738,1156.040,9018.509,1156.040,21.898,6.418,360.837,46675.945,1.335,5.621,258.972,5815.333,745.440,37963.977,4866.423,64.482,81.799,8.065,74.587,999.367,2543.896,326.090,7796.271,-7.890,-3.498,318.579,40.837,28.208,16.798,516.360,25.596,45.525,230.476,690.407,88.500,1797.990,7.655,3.874,10.827,95.946,1082.857,3203.176,410.600,8447.595,35.518,18.201,0.000,0.000,6.446,40.473,761.341,2280.761,292.360,5939.377,25.290,12.797,0.745,18.598,2514.321,799.624,102.500,19614.740,-4.551,-0.444,72.712,9.321,8.866,42.263,68.210,21.827,,7.386,4.692,170.278,,532.118,1.888,,1.147,9018.509,5983.169,23.123,55.473,321.517,922.415,118.240,2508.218,10.228,5.404,30.729,2.375,10.368,31.049,3.980,80.884,0.344,0.174,14.543,1.228,10.223,30.659,3.930,79.754,0.340,0.172
Japan,2011,JPN,128096430,4468738319171,-2.640,-0.059,17.023,2.181,164.798,21.110,1.912,0.039,505.340,-5.181,-70.085,10013.157,1282.650,2225.433,285.070,38.659,2.138,59.869,7.669,25.817,22.722,1104.200,8620.068,1104.200,21.259,-5.241,-313.575,44260.359,1.269,1.005,48.888,6462.085,827.770,38371.953,4915.311,74.966,87.076,12.096,120.885,1120.252,2965.188,379.830,8745.384,-0.109,-0.045,318.452,40.793,34.399,19.845,558.000,-6.797,-16.780,213.696,643.968,82.490,1668.245,7.471,3.786,-32.515,-353.292,729.565,2157.984,276.430,5695.436,25.034,12.924,0.000,0.000,-44.271,-339.249,422.091,1271.932,162.930,3295.107,14.755,7.477,-0.076,-1.913,2512.408,1271.464,162.870,19613.414,-4.062,-0.379,69.807,8.942,14.750,44.508,65.954,21.105,,-3.307,-2.256,164.760,,514.876,1.911,,1.168,8620.068,5669.594,-3.989,-14.043,307.474,886.051,113.500,2400.329,10.279,5.447,36.615,3.723,14.091,42.468,5.440,110.004,0.493,0.250,13.585,1.329,11.552,34.818,4.460,90.181,0.404,0.205
Japan,2012,JPN,127928283,4530172048567,-0.839,-0.018,16.902,2.162,172.988,22.130,1.999,0.039,594.530,5.578,71.549,10585.611,1354.199,2613.183,334.300,3.896,0.299,62.283,7.968,30.202,24.184,1106.880,8652.348,1106.880,20.560,-0.958,-54.310,43894.004,1.240,6.851,336.744,7641.469,977.560,41054.680,5252.055,88.317,93.793,9.989,111.898,1232.151,3404.173,435.490,9631.574,-4.651,-1.897,304.039,38.895,39.344,22.004,658.070,-6.530,-14.985,198.711,602.681,77.100,1553.302,6.966,3.549,-52.805,-381.982,347.583,1010.879,129.320,2717.016,11.683,6.207,0.000,0.000,-88.957,-375.722,46.370,140.626,17.990,362.466,1.625,0.828,6.102,153.296,2665.705,1624.113,207.770,20837.492,-3.594,-0.321,67.387,8.621,18.771,47.605,69.156,22.130,,4.856,3.202,172.987,,540.586,1.999,,1.235,8652.348,5615.285,-1.884,-6.260,301.214,870.253,111.330,2354.550,10.058,5.379,35.534,4.909,19.000,57.610,7.370,148.519,0.666,0.339,6.019,0.632,12.184,36.974,4.730,95.241,0.427,0.218
Japan,2013,JPN,127723642,4621006950566,18.604,0.402,20.079,2.565,181.486,23.180,2.131,0.046,595.900,4.079,55.239,11035.061,1409.438,2838.550,362.550,2.390,0.190,63.874,8.158,33.330,25.354,1087.760,8516.513,1087.760,20.388,-0.696,-39.064,43658.484,1.207,-1.037,-54.478,7458.369,952.610,40693.926,5197.576,87.575,93.499,0.261,3.218,1235.369,3316.379,423.580,9672.201,-8.665,-3.370,278.138,35.525,38.941,22.223,648.200,2.894,4.183,202.894,621.107,79.330,1588.539,7.293,3.650,4.742,13.793,361.376,1058.144,135.150,2829.362,12.425,6.501,0.000,0.000,-18.834,-9.022,37.348,114.309,14.600,292.409,1.342,0.672,-4.237,-112.935,2552.770,1303.439,166.480,19986.664,-1.327,-0.114,66.599,8.506,15.305,45.922,72.427,23.177,,4.730,3.271,181.460,,567.062,2.131,,1.303,8516.513,5576.221,8.479,22.815,324.029,943.835,120.550,2536.953,11.082,5.829,75.108,14.015,33.015,101.078,12.910,258.486,1.187,0.594,8.583,0.944,13.128,40.165,5.130,102.787,0.472,0.236
Japan,2014,JPN,127486601,4634693421103,21.485,0.551,24.438,3.116,185.353,23.630,2.224,0.058,591.530,-1.682,-23.703,10869.657,1385.736,2789.313,355.600,8.631,0.704,69.515,8.862,33.461,25.597,1062.720,8335.935,1062.720,20.464,-2.590,-144.426,42606.789,1.172,-2.723,-141.540,7285.628,928.820,39659.359,5056.037,87.400,93.396,0.984,12.152,1247.521,3536.686,450.880,9785.509,-6.669,-2.369,260.071,33.156,42.427,23.044,628.630,2.996,5.016,207.910,640.930,81.710,1630.837,7.689,3.841,-0.511,-3.837,357.539,1050.306,133.900,2804.523,12.600,6.604,0.000,0.000,-100.000,-37.348,0.000,0.000,0.000,0.000,0.000,0.000,-5.092,-129.990,2422.780,959.630,122.340,19004.193,-4.816,-0.410,63.510,8.097,11.512,44.754,73.837,23.628,,1.946,1.409,185.335,,579.171,2.223,,1.364,8335.935,5431.795,11.290,33.510,357.539,1050.306,133.900,2804.523,12.600,6.604,82.420,26.904,59.919,184.725,23.550,470.002,2.216,1.107,-2.322,-0.370,12.758,39.298,5.010,100.075,0.471,0.236
Japan,2015,JPN,127275868,4707025000790,21.066,0.656,29.635,3.772,223.844,28.490,2.766,0.071,578.050,0.884,12.245,10983.865,1397.981,2747.104,349.640,-10.455,-0.927,62.351,7.936,33.942,26.167,1030.120,8093.600,1030.120,20.267,-1.262,-68.534,42138.867,1.139,-2.682,-135.606,6847.960,871.580,38659.578,4920.431,84.610,92.100,-4.837,-60.345,1187.176,3280.276,417.500,9327.584,-1.118,-0.371,257.588,32.785,40.529,22.222,595.460,4.965,9.217,217.127,673.891,85.770,1705.955,8.326,4.064,18.462,64.496,422.035,1245.641,158.540,3315.906,15.390,7.900,0.000,0.000,,11.454,11.454,35.513,4.520,89.995,0.439,0.214,-3.612,-87.506,2335.274,820.580,104.440,18348.129,-3.933,-0.318,61.113,7.778,10.139,43.712,89.016,28.485,,20.558,15.180,223.807,,699.396,2.765,,1.666,8093.600,5363.261,15.160,53.042,410.581,1210.127,154.020,3225.911,14.952,7.685,46.679,27.524,87.443,271.379,34.540,687.039,3.353,1.637,4.165,0.464,13.222,41.013,5.220,103.887,0.507,0.247
Japan,2016,JPN,127159950,4742508721138,22.316,0.842,36.282,4.614,186.144,23.670,2.225,0.087,567.040,-0.186,-2.595,10973.467,1395.385,2662.709,338.590,14.486,1.150,71.448,9.085,31.831,26.460,1063.700,8365.055,1063.700,21.262,-1.257,-67.441,41646.914,1.117,-1.863,-91.667,7032.481,894.250,37973.938,4828.764,84.070,91.565,-1.938,-23.002,1164.174,3605.145,458.430,9155.197,3.007,0.986,265.575,33.770,43.098,22.075,603.160,-7.391,-17.564,199.562,624.646,79.430,1569.382,7.467,3.784,7.237,22.808,444.843,1332.574,169.450,3498.295,15.930,8.435,0.000,0.000,290.733,32.964,44.418,139.037,17.680,349.308,1.662,0.842,-2.829,-66.070,2269.204,764.628,97.230,17845.271,-20.318,-1.580,48.740,6.198,9.141,43.029,73.971,23.671,,-16.901,-15.045,186.150,,581.719,2.225,,1.403,8365.055,5295.819,-0.893,-10.156,400.425,1193.536,151.770,3148.987,14.268,7.593,25.436,21.415,108.859,340.752,43.330,856.076,4.074,2.064,2.259,0.197,13.419,41.994,5.340,105.529,0.502,0.254
Japan,2017,JPN,127064686,4821960242931,3.420,0.158,37.551,4.771,187.306,23.800,2.210,0.090,558.030,1.475,20.578,11143.642,1415.963,2860.511,363.470,3.588,0.326,74.067,9.411,33.753,26.566,1076.860,8474.896,1076.860,21.423,1.102,58.377,42137.562,1.110,0.015,0.709,6960.943,884.490,38007.988,4829.473,82.136,90.608,0.489,5.690,1169.865,3652.707,464.130,9206.845,,,,,43.100,21.948,600.920,-0.230,-1.454,198.109,623.619,79.240,1559.116,7.358,3.717,13.272,55.766,500.609,1513.953,192.370,3939.799,17.864,9.392,0.000,0.000,64.458,28.266,72.684,228.781,29.070,572.020,2.700,1.364,-1.126,-25.559,2243.645,447.725,56.890,17657.502,,,,,5.283,42.094,74.390,23.805,,0.566,0.418,187.344,,585.449,2.211,,1.396,8474.896,5354.196,7.485,27.501,427.926,1285.172,163.300,3367.779,15.164,8.029,24.732,26.244,135.102,425.295,54.040,1063.255,5.018,2.535,16.492,2.135,15.554,48.951,6.220,122.409,0.578,0.292
Japan,2018,JPN,126913432,4852985093686,7.653,0.365,40.473,5.137,202.894,25.750,2.378,0.097,541.470,-2.074,-29.366,10925.536,1386.597,2841.780,360.660,-28.650,-2.696,52.910,6.715,33.304,26.204,1082.930,8532.824,1082.930,21.916,-0.682,-36.526,41899.980,1.096,-2.441,-117.881,6764.296,858.480,37124.453,4711.592,79.274,89.042,-1.093,-12.783,1157.082,3511.133,445.610,9117.093,,,,,41.149,21.867,586.370,2.213,3.378,201.486,638.230,81.000,1587.587,7.480,3.808,16.445,79.250,579.860,1768.528,224.450,4568.938,20.726,10.958,0.000,0.000,68.904,49.471,122.155,386.957,49.110,962.506,4.535,2.309,-3.375,-75.732,2167.913,411.383,52.210,17081.826,,,,,4.821,40.970,80.461,25.748,,8.162,6.071,202.875,,633.985,2.378,,1.521,8532.824,5317.670,7.371,29.779,457.705,1381.572,175.340,3606.433,16.191,8.650,13.289,17.192,152.294,482.376,61.220,1199.984,5.653,2.878,18.417,2.773,18.327,58.071,7.370,144.404,0.681,0.346
Japan,2019,JPN,126699421,4833467877373,-6.931,-0.356,37.731,4.781,217.838,27.600,2.635,0.092,528.490,-1.731,-24.003,10754.539,1362.594,2768.521,350.770,-27.131,-1.822,38.620,4.893,33.490,26.315,1047.400,8266.810,1047.400,21.807,-2.108,-112.070,41086.219,1.077,-3.296,-155.308,6356.382,805.350,35961.363,4556.284,76.890,87.991,-6.555,-75.849,1081.233,3290.860,416.950,8533.842,,,,,39.808,20.881,553.540,-8.739,-18.517,182.969,583.428,73.920,1444.116,7.057,3.534,7.510,41.954,621.813,1910.427,242.050,4907.784,23.110,12.009,0.000,0.000,33.661,40.311,162.466,518.077,65.640,1282.292,6.267,3.138,-2.558,-55.456,2112.457,297.002,37.630,16672.982,,,,,3.593,40.796,86.241,27.597,,7.183,5.780,217.816,,680.674,2.635,,1.665,8266.810,5205.600,0.394,1.643,459.348,1392.350,176.410,3625.492,16.843,8.871,10.139,14.610,166.904,532.204,67.430,1317.324,6.438,3.223,1.191,0.126,18.453,58.880,7.460,145.646,0.712,0.356
Japan,2020,JPN,126304533,4626661481209,7.684,0.367,40.757,5.148,240.451,30.370,3.004,0.107,527.750,-6.740,-91.842,10061.016,1270.752,2693.886,340.250,1.802,0.088,39.439,4.981,33.654,26.488,1011.030,8004.701,1011.030,22.819,-7.307,-380.360,38203.219,1.043,-8.049,-366.740,6135.963,775.000,33170.184,4189.544,76.654,87.329,-3.696,-39.958,1041.275,3241.689,409.440,8244.162,,,,,40.497,21.705,533.570,5.970,10.444,193.413,620.168,78.330,1531.321,7.748,4.032,-2.285,-13.953,607.860,1868.737,236.030,4812.655,23.345,12.671,0.000,0.000,-34.488,-56.294,106.172,340.447,43.000,840.600,4.253,2.213,-11.122,-234.940,1877.518,200.389,25.310,14865.006,,,,,2.503,39.136,94.916,30.373,,10.059,8.675,240.475,,751.483,3.004,,1.978,8004.701,4825.240,9.382,42.341,501.689,1528.290,193.030,3972.055,19.092,10.457,12.593,20.554,187.459,601.087,75.920,1484.180,7.509,3.908,12.743,2.300,20.753,66.585,8.410,164.313,0.832,0.433
Japan,2021,JPN,125679342,4725883595048,-2.865,-0.148,39.786,5.000,276.816,34.790,3.362,0.100,514.490,7.768,98.716,10896.520,1369.467,2771.020,348.260,-8.711,-0.434,36.182,4.547,33.659,27.390,1034.670,8232.618,1034.670,22.578,4.237,204.468,40020.164,1.064,2.836,118.806,6089.386,765.310,34280.500,4308.351,73.967,86.170,-1.342,-13.977,1027.298,3069.558,385.780,8173.963,,,,,37.285,20.547,532.330,1.652,2.711,196.124,633.597,79.630,1560.509,7.696,3.923,13.759,83.622,691.482,2143.232,269.360,5501.958,26.033,13.830,0.000,0.000,42.380,44.623,150.795,487.113,61.220,1199.837,5.917,3.016,1.814,34.067,1911.585,248.808,31.270,15210.018,,,,,3.022,38.233,108.731,34.794,,14.556,13.816,276.848,,865.149,3.363,,2.175,8232.618,5029.708,7.549,38.999,540.688,1656.119,208.140,4302.122,20.117,10.814,10.881,19.885,207.344,669.800,84.180,1649.787,8.136,4.147,13.457,2.735,23.488,75.907,9.540,186.890,0.922,0.470
Japan,2022,JPN,124997585,4774494846664,0.828,0.041,40.335,5.042,302.646,37.830,3.636,0.101,519.600,-0.288,-3.943,10924.409,1365.525,2807.974,350.990,3.325,0.151,37.589,4.699,33.731,27.488,1040.570,8324.721,1040.570,22.838,-0.655,-32.937,39974.945,1.047,-0.510,-21.990,6205.000,775.610,34291.551,4286.361,74.537,86.285,-3.109,-31.940,995.358,3030.779,378.840,7963.021,,,,,36.407,20.037,540.680,-5.975,-12.172,183.952,598.972,74.870,1471.641,7.195,3.703,-1.589,-10.166,681.316,2119.721,264.960,5450.634,25.463,13.715,0.000,0.000,-15.433,-23.586,127.209,414.168,51.770,1017.693,4.975,2.561,0.727,13.893,1925.478,366.247,45.780,15404.122,,,,,4.400,38.760,118.218,37.830,,8.725,9.487,302.645,,945.766,3.635,,2.380,8324.721,4996.771,2.387,13.419,554.107,1705.553,213.190,4432.941,20.488,11.154,8.184,16.417,223.761,728.574,91.070,1790.124,8.752,4.504,-1.266,-0.354,23.134,75.361,9.420,185.075,0.905,0.466
Japan,2023,JPN,124370947,,-1.921,-0.097,39.759,4.945,337.780,42.010,4.173,0.102,492.450,-7.720,-105.414,10131.873,1260.111,2628.668,326.930,-4.950,-0.233,35.908,4.466,32.474,26.116,1006.730,8094.575,1006.730,23.068,-2.767,-138.241,39064.832,,-5.307,-227.479,5679.863,706.410,32635.295,4058.882,70.169,84.119,-7.962,-79.247,916.112,2789.880,346.980,7365.962,,,,,34.466,18.986,495.760,-0.450,-2.168,181.783,599.256,74.530,1461.623,7.403,3.767,13.062,84.943,766.259,2414.712,300.320,6161.080,29.831,15.881,0.000,0.000,49.613,61.719,188.928,622.814,77.460,1519.071,7.694,3.915,-2.224,-42.818,1882.660,261.315,32.500,15137.459,,,,,3.228,39.018,131.292,42.013,,11.059,13.073,337.807,,1055.647,4.173,,2.721,8094.575,4858.530,4.390,23.224,577.331,1791.898,222.860,4642.009,22.137,11.965,5.809,11.265,235.026,774.779,96.360,1889.719,9.572,4.871,5.749,1.151,24.285,80.083,9.960,195.261,0.989,0.503
Japan,2024,JPN,123753041,,1.204,0.060,40.439,5.004,367.021,45.420,4.469,0.105,483.430,-0.124,-1.558,10169.868,1258.552,2643.410,327.130,-18.229,-0.814,29.509,3.652,32.185,26.425,1016.390,8213.051,1016.390,23.781,-1.311,-63.714,38745.039,,-2.661,-108.002,5643.255,698.370,31925.525,3950.881,68.711,82.955,-0.728,-6.673,909.438,2797.830,346.240,7348.817,,,,,34.066,19.095,491.350,6.599,11.995,193.778,642.004,79.450,1565.848,7.817,4.069,5.815,45.548,811.808,2569.795,318.020,6559.901,31.289,17.045,0.000,0.000,9.611,18.159,207.087,686.125,84.910,1673.388,8.354,4.348,-5.299,-99.770,1782.890,202.015,25.000,14406.841,,,,,2.460,37.435,141.931,45.418,,8.103,10.639,367.004,,1146.888,4.469,,2.980,8213.051,4794.816,4.525,27.390,604.721,1883.671,233.110,4886.513,22.935,12.697,0.355,0.835,235.861,781.395,96.700,1905.901,9.514,4.952,15.900,3.861,28.146,93.250,11.540,227.437,1.135,0.591
United Kingdom,1900,GBR,41089602,312531070000,,,,,,,,,,,,,,,,,,38122.945,1566.457,,,,,,,,,,,,,,,,,,,,,,,,,,,0.000,0.000,,,,,,,,,,,,,,,,,,,,,,,,,,,,,,,,,,,,,,0.000,0.000,,,,,,,,,,,,,,,,,,,,,,,,,,,,,,,,,,,,,,,
United Kingdom,1901,GBR,41459153,312199608000,,,,,,,,,,,,,,,,-2.724,-42.668,36753.977,1523.789,,,,,,,,,,,,,,,,,,,,,,,,,,0.000,0.000,0.000,,,,,,,,,,,,,,,,,,,,,,,,,,,,,,,,,,,,,0.000,0.000,0.000,,,,,,,,,,,,,,,,,,,,,,,,,,,,,,,,,,,,,,,
United Kingdom,1902,GBR,41827091,319853055000,,,,,,,,,,,,,,,,3.674,55.984,37769.137,1579.773,,,,,,,,,,,,,,,,,,,,,,,,,,0.000,0.000,0.000,,,,,,,,,,,,,,,,,,,,,,,,,,,,,,,,,,,,,0.000,0.000,0.000,,,,,,,,,,,,,,,,,,,,,,,,,,,,,,,,,,,,,,,
United Kingdom,1903,GBR,42193357,316084572000,,,,,,,,,,,,,,,,1.426,22.532,37975.297,1602.305,,,,,,,,,,,,,,,,,,,,,,,,,,0.000,0.000,0.000,,,,,,,,,,,,,,,,,,,,,,,,,,,,,,,,,,,,,0.000,0.000,0.000,,,,,,,,,,,,,,,,,,,,,,,,,,,,,,,,,,,,,,,
United Kingdom,1904,GBR,42562831,317665005000,,,,,,,,,,,,,,,,0.909,14.570,37987.953,1616.875,,,,,,,,,,,,,,,,,,,,,,,,,,0.000,0.000,0.000,,,,,,,,,,,,,,,,,,,,,,,,,,,,,,,,,,,,,0.000,0.000,0.000,,,,,,,,,,,,,,,,,,,,,,,,,,,,,,,,,,,,,,,
United Kingdom,1905,GBR,42935539,326784543000,,,,,,,,,,,,,,,,1.592,25.743,38257.773,1642.618,,,,,,,,,,,,,,,,,,,,,,,,,,0.000,0.000,0.000,,,,,,,,,,,,,,,,,,,,,,,,,,,,,,,,,,,,,0.000,0.000,0.000,,,,,,,,,,,,,,,,,,,,,,,,,,,,,,,,,,,,,,,
United Kingdom,1906,GBR,43311511,337435302000,,,,,,,,,,,,,,,,6.327,103.924,40325.129,1746.542,,,,,,,,,,,,,,,,,,,,,,,,,,0.000,0.000,0.000,,,,,,,,,,,,,,,,,,,,,,,,,,,,,,,,,,,,,0.000,0.000,0.000,,,,,,,,,,,,,,,,,,,,,,,,,,,,,,,,,,,,,,,
United Kingdom,1907,GBR,43690776,343554135000,,,,,,,,,,,,,,,,6.677,116.611,42644.086,1863.153,,,,,,,,,,,,,,,,,,,,,,,,,,0.000,0.000,0.000,,,,,,,,,,,,,,,,,,,,,,,,,,,,,,,,,,,,,0.000,0.000,0.000,,,,,,,,,,,,,,,,,,,,,,,,,,,,,,,,,,,,,,,
United Kingdom,1908,GBR,44073361,329209164000,,,,,,,,,,,,,,,,-2.353,-43.839,41279.234,1819.315,,,,,,,,,,,,,,,,,,,,,,,,,,0.000,0.000,0.000,,,,,,,,,,,,,,,,,,,,,,,,,,,,,,,,,,,,,0.000,0.000,0.000,,,,,,,,,,,,,,,,,,,,,,,,,,,,,,,,,,,,,,,
United Kingdom,1909,GBR,44417852,336437640000,,,,,,,,,,,,,,,,0.858,15.617,41310.680,1834.932,,,,,,,,,,,,,,,,,,,,,,,,,,0.000,0.000,0.000,,,,,,,,,,,,,,,,,,,,,,,,,,,,,,,,,,,,,0.000,0.000,0.000,,,,,,,,,,,,,,,,,,,,,,,,,,,,,,,,,,,,,,,
United Kingdom,1910,GBR,44723743,346661688000,,,,,,,,,,,,,,,,0.250,4.580,41130.547,1839.512,,,,,,,,,,,,,,,,,,,,,,,,,,0.000,0.000,0.000,,,,,,,,,,,,,,,,,,,,,,,,,,,,,,,,,,,,,0.000,0.000,0.000,,,,,,,,,,,,,,,,,,,,,,,,,,,,,,,,,,,,,,,
United Kingdom,1911,GBR,44990527,356440232000,,,,,,,,,,,,,,,,2.821,51.890,42040.012,1891.402,,,,,,,,,,,,,,,,,,,,,,,,,,0.000,0.000,0.000,,,,,,,,,,,,,,,,,,,,,,,,,,,,,,,,,,,,,0.000,0.000,0.000,,,,,,,,,,,,,,,,,,,,,,,,,,,,,,,,,,,,,,,
United Kingdom,1912,GBR,45217688,361318404000,,,,,,,,,,,,,,,,-4.221,-79.831,40063.328,1811.571,,,,,,,,,,,,,,,,,,,,,,,,,,0.000,0.000,0.000,,,,,,,,,,,,,,,,,,,,,,,,,,,,,,,,,,,,,0.000,0.000,0.000,,,,,,,,,,,,,,,,,,,,,,,,,,,,,,,,,,,,,,,
United Kingdom,1913,GBR,45404707,374869588000,,,,,,,,,,,,,,,,10.373,187.918,44037.047,1999.489,,,,,,,,,,,,,,,,,,,,,,,,,,0.000,0.000,0.000,,,,,,,,,,,,,,,,,,,,,,,,,,,,,,,,,,,,,0.000,0.000,0.000,,,,,,,,,,,,,,,,,,,,,,,,,,,,,,,,,,,,,,,
United Kingdom,1914,GBR,45592500,374424419000,,,,,,,,,,,,,,,,-7.573,-151.412,40534.672,1848.077,,,,,,,,,,,,,,,,,,,,,,,,,,0.000,0.000,0.000,,,,,,,,,,,,,,,,,,,,,,,,,,,,,,,,,,,,,0.000,0.000,0.000,,,,,,,,,,,,,,,,,,,,,,,,,,,,,,,,,,,,,,,
United Kingdom,1915,GBR,45781070,400331260000,,,,,,,,,,,,,,,,-4.692,-86.705,38473.805,1761.372,,,,,,,,,,,,,,,,,,,,,,,,,,0.000,0.000,0.000,,,,,,,,,,,,,,,,,,,,,,,,,,,,,,,,,,,,,0.000,0.000,0.000,,,,,,,,,,,,,,,,,,,,,,,,,,,,,,,,,,,,,,,
United Kingdom,1916,GBR,45970420,404764828000,,,,,,,,,,,,,,,,1.254,22.087,38795.793,1783.459,,,,,,,,,,,,,,,,,,,,,,,,,,0.000,0.000,0.000,,,,,,,,,,,,,,,,,,,,,,,,,,,,,,,,,,,,,0.000,0.000,0.000,,,,,,,,,,,,,,,,,,,,,,,,,,,,,,,,,,,,,,,
United Kingdom,1917,GBR,46160552,403910310000,,,,,,,,,,,,,,,,-3.072,-54.786,37449.133,1728.673,,,,,,,,,,,,,,,,,,,,,,,,,,0.000,0.000,0.000,,,,,,,,,,,,,,,,,,,,,,,,,,,,,,,,,,,,,0.000,0.000,0.000,,,,,,,,,,,,,,,,,,,,,,,,,,,,,,,,,,,,,,,
United Kingdom,1918,GBR,46352692,401942250000,,,,,,,,,,,,,,,,-8.350,-144.347,34179.809,1584.326,,,,,,,,,,,,,,,,,,,,,,,,,,0.000,0.000,0.000,,,,,,,,,,,,,,,,,,,,,,,,,,,,,,,,,,,,,0.000,0.000,0.000,,,,,,,,,,,,,,,,,,,,,,,,,,,,,,,,,,,,,,,
United Kingdom,1919,GBR,46487478,353891070000,,,,,,,,,,,,,,,,0.887,14.049,34382.922,1598.375,,,,,,,,,,,,,,,,,,,,,,,,,,0.000,0.000,0.000,,,,,,,,,,,,,,,,,,,,,,,,,,,,,,,,,,,,,0.000,0.000,0.000,,,,,,,,,,,,,,,,,,,,,,,,,,,,,,,,,,,,,,,
United Kingdom,1920,GBR,46564792,328542957000,,,,,,,,,,,,,,,,-0.108,-1.718,34288.934,1596.657,,,,,,,,,,,,,,,,,,,,,,,,,,0.000,0.000,0.000,,,,,,,,,,,,,,,,,,,,,,,,,,,,,,,,,,,,,0.000,0.000,0.000,,,,,,,,,,,,,,,,,,,,,,,,,,,,,,,,,,,,,,,
United Kingdom,1921,GBR,46584515,299337024000,,,,,,,,,,,,,,,,-28.877,-461.062,24377.080,1135.594,,,,,,,,,,,,,,,,,,,,,,,,,,0.000,0.000,0.000,,,,,,,,,,,,,,,,,,,,,,,,,,,,,,,,,,,,,0.000,0.000,0.000,,,,,,,,,,,,,,,,,,,,,,,,,,,,,,,,,,,,,,,
United Kingdom,1922,GBR,46546526,327953452000,,,,,,,,,,,,,,,,52.898,600.705,37302.457,1736.300,,,,,,,,,,,,,,,,,,,,,,,,,,0.000,0.000,0.000,,,,,,,,,,,,,,,,,,,,,,,,,,,,,,,,,,,,,0.000,0.000,0.000,,,,,,,,,,,,,,,,,,,,,,,,,,,,,,,,,,,,,,,
United Kingdom,1923,GBR,46450703,338349852000,,,,,,,,,,,,,,,,10.574,183.598,41331.941,1919.898,,,,,,,,,,,,,,,,,,,,,,,,,,0.000,0.000,0.000,,,,,,,,,,,,,,,,,,,,,,,,,,,,,,,,,,,,,0.000,0.000,0.000,,,,,,,,,,,,,,,,,,,,,,,,,,,,,,,,,,,,,,,
United Kingdom,1924,GBR,46355077,352313260000,,,,,,,,,,,,,,,,-3.314,-63.625,40044.641,1856.272,,,,,,,,,,,,,,,,,,,,,,,,,,0.000,0.000,0.000,,,,,,,,,,,,,,,,,,,,,,,,,,,,,,,,,,,,,0.000,0.000,0.000,,,,,,,,,,,,,,,,,,,,,,,,,,,,,,,,,,,,,,,
United Kingdom,1925,GBR,46259648,369438741000,,,,,,,,,,,,,,,,-8.441,-156.691,36740.043,1699.582,,,,,,,,,,,,,,,,,,,,,,,,,,0.000,0.000,0.000,,,,,,,,,,,,,,,,,,,,,,,,,,,,,,,,,,,,,0.000,0.000,0.000,,,,,,,,,,,,,,,,,,,,,,,,,,,,,,,,,,,,,,,
United Kingdom,1926,GBR,46164416,355885376000,,,,,,,,,,,,,,,,-48.604,-826.067,18921.807,873.514,,,,,,,,,,,,,,,,,,,,,,,,,,0.000,0.000,0.000,,,,,,,,,,,,,,,,,,,,,,,,,,,,,,,,,,,,,0.000,0.000,0.000,,,,,,,,,,,,,,,,,,,,,,,,,,,,,,,,,,,,,,,
United Kingdom,1927,GBR,46069379,384535608000,,,,,,,,,,,,,,,,100.075,874.172,37935.949,1747.686,,,,,,,,,,,,,,,,,,,,,,,,,,0.000,0.000,0.000,,,,,,,,,,,,,,,,,,,,,,,,,,,,,,,,,,,,,0.000,0.000,0.000,,,,,,,,,,,,,,,,,,,,,,,,,,,,,,,,,,,,,,,
United Kingdom,1928,GBR,45974538,389190542000,,,,,,,,,,,,,,,,-5.486,-95.873,35928.867,1651.813,,,,,,,,,,,,,,,,,,,,,,,,,,0.000,0.000,0.000,,,,,,,,,,,,,,,,,,,,,,,,,,,,,,,,,,,,,0.000,0.000,0.000,,,,,,,,,,,,,,,,,,,,,,,,,,,,,,,,,,,,,,,
United Kingdom,1929,GBR,45944804,400634784000,,,,,,,,,,,,,,,,8.607,142.169,39046.465,1793.982,,,,,,,,,,,,,,,,,,,,,,,,,,0.000,0.000,0.000,,,,,,,,,,,,,,,,,,,,,,,,,,,,,,,,,,,,,0.000,0.000,0.000,,,,,,,,,,,,,,,,,,,,,,,,,,,,,,,,,,,,,,,
United Kingdom,1930,GBR,45980369,397795818000,,,,,,,,,,,,,,,,-5.439,-97.571,36894.258,1696.412,,,,,,,,,,,,,,,,,,,,,,,,,,0.000,0.000,0.000,,,,,,,,,,,,,,,,,,,,,,,,,,,,,,,,,,,,,0.000,0.000,0.000,,,,,,,,,,,,,,,,,,,,,,,,,,,,,,,,,,,,,,,
United Kingdom,1931,GBR,46081427,377346060000,,,,,,,,,,,,,,,,-10.015,-169.891,33126.590,1526.521,,,,,,,,,,,,,,,,,,,,,,,,,,0.000,0.000,0.000,,,,,,,,,,,,,,,,,,,,,,,,,,,,,,,,,,,,,0.000,0.000,0.000,,,,,,,,,,,,,,,,,,,,,,,,,,,,,,,,,,,,,,,
United Kingdom,1932,GBR,46248173,380225010000,,,,,,,,,,,,,,,,-4.881,-74.511,31396.033,1452.009,,,,,,,,,,,,,,,,,,,,,,,,,,0.000,0.000,0.000,,,,,,,,,,,,,,,,,,,,,,,,,,,,,,,,,,,,,0.000,0.000,0.000,,,,,,,,,,,,,,,,,,,,,,,,,,,,,,,,,,,,,,,
United Kingdom,1933,GBR,46480802,391279720000,,,,,,,,,,,,,,,,-0.777,-11.283,30996.154,1440.726,,,,,,,,,,,,,,,,,,,,,,,,,,0.000,0.000,0.000,,,,,,,,,,,,,,,,,,,,,,,,,,,,,,,,,,,,,0.000,0.000,0.000,,,,,,,,,,,,,,,,,,,,,,,,,,,,,,,,,,,,,,,
United Kingdom,1934,GBR,46714602,417147374000,,,,,,,,,,,,,,,,6.574,94.709,32868.414,1535.435,,,,,,,,,,,,,,,,,,,,,,,,,,0.000,0.000,0.000,,,,,,,,,,,,,,,,,,,,,,,,,,,,,,,,,,,,,0.000,0.000,0.000,,,,,,,,,,,,,,,,,,,,,,,,,,,,,,,,,,,,,,,
United Kingdom,1935,GBR,46949578,433247792000,,,,,,,,,,,,,,,,0.688,10.557,32928.777,1545.992,,,,,,,,,,,,,,,,,,,,,,,,,,0.000,0.000,0.000,,,,,,,,,,,,,,,,,,,,,,,,,,,,,,,,,,,,,0.000,0.000,0.000,,,,,,,,,,,,,,,,,,,,,,,,,,,,,,,,,,,,,,,
United Kingdom,1936,GBR,47185735,452919220000,,,,,,,,,,,,,,,,2.788,43.099,33677.371,1589.091,,,,,,,,,,,,,,,,,,,,,,,,,,0.000,0.000,0.000,,,,,,,,,,,,,,,,,,,,,,,,,,,,,,,,,,,,,0.000,0.000,0.000,,,,,,,,,,,,,,,,,,,,,,,,,,,,,,,,,,,,,,,
United Kingdom,1937,GBR,47423081,468681279000,,,,,,,,,,,,,,,,5.235,83.193,35263.090,1672.284,,,,,,,,,,,,,,,,,,,,,,,,,,0.000,0.000,0.000,,,,,,,,,,,,,,,,,,,,,,,,,,,,,,,,,,,,,0.000,0.000,0.000,,,,,,,,,,,,,,,,,,,,,,,,,,,,,,,,,,,,,,,
United Kingdom,1938,GBR,47661620,474370072000,,,,,,,,,,,,,,,,-5.574,-93.216,33130.812,1579.068,,,,,,,,,,,,,,,,,,,,,,,,,,0.000,0.000,0.000,,,,,,,,,,,,,,,,,,,,,,,,,,,,,,,,,,,,,0.000,0.000,0.000,,,,,,,,,,,,,,,,,,,,,,,,,,,,,,,,,,,,,,,
United Kingdom,1939,GBR,47890226,479046162000,,,,,,,,,,,,,,,,1.914,30.221,33603.699,1609.289,,,,,,,,,,,,,,,,,,,,,,,,,,0.000,0.000,0.000,,,,,,,,,,,,,,,,,,,,,,,,,,,,,,,,,,,,,0.047,0.971,0.047,,,,,,,,,,,,,,,,,,,,,,,,,,,,,,,,,,,,,,,
United Kingdom,1940,GBR,48108804,527013728000,,,,,,,,,,,,,,,,-3.043,-48.967,32433.193,1560.322,,,,,,,,,,,,,,,,,,,,,,,,,,0.000,0.000,0.000,,,,,,,,,,,,,,,,,,,,,,,,,,,,,,,,,,,,325.000,0.151,4.110,0.198,,,,,,,,,,,,,,,,,,,,,,,,,,,,,,,,,,,,,,,
United Kingdom,1941,GBR,48317261,575024016000,,,,,,,,,,,,,,,,-8.005,-124.902,29708.223,1435.420,,,,,,,,,,,,,,,,,,,,,,,,,,0.000,0.000,0.000,,,,,,,,,,,,,,,,,,,,,,,,,,,,,,,,,,,,82.353,0.163,7.462,0.361,,,,,,,,,,,,,,,,,,,,,,,,,,,,,,,,,,,,,,,
United Kingdom,1942,GBR,48515502,589318400000,,,,,,,,,,,,,,,,-0.675,-9.688,29387.145,1425.732,,,,,,,,,,,,,,,,,,,,,,,,,,0.000,0.000,0.000,,,,,,,,,,,,,,,,,,,,,,,,,,,,,,,,,,,,167.742,0.605,19.897,0.965,,,,,,,,,,,,,,,,,,,,,,,,,,,,,,,,,,,,,,,
United Kingdom,1943,GBR,48703433,602251416000,,,,,,,,,,,,,,,,-2.927,-41.730,28416.930,1384.002,,,,,,,,,,,,,,,,,,,,,,,,,,0.000,0.000,0.000,,,,,,,,,,,,,,,,,,,,,,,,,,,,,,,,,,,,38.554,0.372,27.461,1.337,,,,,,,,,,,,,,,,,,,,,,,,,,,,,,,,,,,,,,,
United Kingdom,1944,GBR,48892093,578535848000,,,,,,,,,,,,,,,,-3.110,-43.038,27427.021,1340.964,,,,,,,,,,,,,,,,,,,,,,,,,,0.000,0.000,0.000,,,,,,,,,,,,,,,,,,,,,,,,,,,,,,,,,,,,-16.522,-0.221,22.836,1.116,,,,,,,,,,,,,,,,,,,,,,,,,,,,,,,,,,,,,,,
United Kingdom,1945,GBR,49081483,553149954000,,,,,,,,,,,,,,,,-5.178,-69.438,25906.439,1271.526,,,,,,,,,,,,,,,,,,,,,,,,,,0.000,0.000,0.000,,,,,,,,,,,,,,,,,,,,,,,,,,,,,,,,,,,,-23.958,-0.267,17.298,0.849,,,,,,,,,,,,,,,,,,,,,,,,,,,,,,,,,,,,,,,
United Kingdom,1946,GBR,49271606,529131967000,,,,,,,,,,,,,,,,3.993,50.767,26836.832,1322.294,,,,,,,,,,,,,,,,,,,,,,,,,,0.000,0.000,0.000,,,,,,,,,,,,,,,,,,,,,,,,,,,,,,,,,,,,-23.288,-0.198,13.218,0.651,,,,,,,,,,,,,,,,,,,,,,,,,,,,,,,,,,,,,,,
United Kingdom,1947,GBR,49462466,521286513000,,,,,,,,,,,,,,,,3.884,51.356,27771.566,1373.650,,,,,,,,,,,,,,,,,,,,,,,,,,0.000,0.000,0.000,,,,,,,,,,,,,,,,,,,,,,,,,,,,,,,,,,,,-16.071,-0.105,11.051,0.547,,,,,,,,,,,,,,,,,,,,,,,,,,,,,,,,,,,,,,,
United Kingdom,1948,GBR,49654066,537800542000,,,,,,,,,,,,,,,,6.067,83.343,29342.885,1456.994,,,,,,,,,,,,,,,,,,,,,,,,,,0.000,0.000,0.000,,,,,,,,,,,,,,,,,,,,,,,,,,,,,,,,,,,,-6.383,-0.035,10.306,0.512,,,,,,,,,,,,,,,,,,,,,,,,,,,,,,,,,,,,,,,
United Kingdom,1949,GBR,49851583,557859456000,,,,,,,,,,,,,,,,2.727,39.731,30023.605,1496.724,,,,,,,,,,,,,,,,,,,,,,,,,,0.000,0.000,0.000,,,,,,,,,,,,,,,,,,,,,,,,,,,,,,,,,,,,4.545,0.023,10.731,0.535,,,,,,,,,,,,,,,,,,,,,,,,,,,,,,,,,,,,,,,
United Kingdom,1950,GBR,50121020,554454747000,,,,,,,,,,,,,,,,0.534,7.990,30021.621,1504.714,,,,,,,,,,,,,,,,,,,,,,,,,,0.011,0.215,0.011,,,,,,,,,,,,,,,,,,,,,,,,,,,,,,,,,,,,0.000,0.000,10.674,0.535,,,,,,,,,,,,,,,,,,,,,,,,,,,,,,,,,,,,,,,
United Kingdom,1951,GBR,50346821,570992660000,,,,,,,,,,,,,,,,3.045,45.824,30797.145,1550.538,,,,,,,,,,,,,,,,,,,,,,,,,-100.000,-0.011,0.000,0.000,,,,,,,,,,,,,,,,,,,,,,,,,,,,,,,,,,,,-2.174,-0.012,10.395,0.523,,,,,,,,,,,,,,,,,,,,,,,,,,,,,,,,,,,,,,,
United Kingdom,1952,GBR,50496231,570010290000,,,,,,,,,,,,,,,,1.614,25.031,31201.725,1575.569,,,,,,,,,,,,,,,,,,,,,,,,,,0.000,0.000,0.000,,,,,,,,,,,,,,,,,,,,,,,,,,,,,,,,,,,,24.444,0.128,12.898,0.651,,,,,,,,,,,,,,,,,,,,,,,,,,,,,,,,,,,,,,,
United Kingdom,1953,GBR,50727035,592393437000,,,,,,,,,,,,,,,,-1.008,-15.884,30746.631,1559.685,,,,,,,,,,,,,,,,,,,,,,,,,,0.097,1.911,0.097,,,,,,,,,,,,,,,,,,,,,,,,,,,,,,,,,,,,-1.786,-0.012,12.610,0.640,,,,,,,,,,,,,,,,,,,,,,,,,,,,,,,,,,,,,,,
United Kingdom,1954,GBR,50958246,616540925000,,,,,,,,,,,,,,,,-0.052,-0.815,30591.135,1558.871,,,,,,,,,,,,,,,,,,,,,,,,,-100.000,-0.097,0.000,0.000,,,,,,,,,,,,,,,,,,,,,,,,,,,,,,,,,,,,7.273,0.047,13.465,0.686,,,,,,,,,,,,,,,,,,,,,,,,,,,,,,,,,,,,,,,
United Kingdom,1955,GBR,51176749,638913786000,,,,,,,,,,,,,,,,-1.100,-17.144,30125.533,1541.727,,,,,,,,,,,,,,,,,,,,,,,,,,0.323,6.315,0.323,,,,,,,,,,,,,,,,,,,,,,,,,,,,,,,,,,,,-8.475,-0.058,12.272,0.628,,,,,,,,,,,,,,,,,,,,,,,,,,,,,,,,,,,,,,,
United Kingdom,1956,GBR,51400458,646914576000,,,,,,,,,,,,,,,,0.172,2.650,30045.967,1544.376,,,,,,,,,,,,,,,,,,,,,,,,,-46.667,-0.151,3.354,0.172,,,,,,,,,,,,,,,,,,,,,,,,,,,,,,,,,,,,22.222,0.140,14.933,0.768,,,,,,,,,,,,,,,,,,,,,,,,,,,,,,,,,,,,,,,
United Kingdom,1957,GBR,51655911,657223970000,,,,,,,,,,,,,,,,0.731,11.283,30115.809,1555.660,,,,,,,,,,,,,,,,,,,,,,,,,81.250,0.140,6.048,0.312,,,,,,,,,,,,,,,,,,,,,,,,,,,,,,,,,,,,24.242,0.186,18.462,0.954,,,,,,,,,,,,,,,,,,,,,,,,,,,,,,,,,,,,,,,
United Kingdom,1958,GBR,51935640,655877096000,,,,,,,,,,,,,,,,-3.491,-54.307,28907.943,1501.353,,,,,,,,,,,,,,,,,,,,,,,,,65.517,0.205,9.957,0.517,,,,,,,,,,,,,,,,,,,,,,,,,,,,,,,,,,,,-2.439,-0.023,17.914,0.930,,,,,,,,,,,,,,,,,,,,,,,,,,,,,,,,,,,,,,,
United Kingdom,1959,GBR,52226466,682390104000,,,,,,,,,,,,,,,,-4.502,-67.589,27452.807,1433.763,,,,,,,,,,,,,,,,,,,,,,,,,29.167,0.151,12.789,0.668,,,,,,,,,,,,,,,,,,,,,,,,,,,,,,,,,,,,3.750,0.035,18.483,0.965,,,,,,,,,,,,,,,,,,,,,,,,,,,,,,,,,,,,,,,
United Kingdom,1960,GBR,52538548,721686160000,,,,,,,,,,,,,,,,-6.066,-86.965,25634.471,1346.798,,,,,,,,,,,,,,,,,,,,,,,,,27.419,0.183,16.199,0.851,,,,,,,,,,,,,,,,,,,,,,,,,,,,,,,,,,,,3.614,0.035,19.037,1.000,,,,,,,,,,,,,,,,,,,,,,,,,,,,,,,,,,,,,,,
United Kingdom,1961,GBR,52884952,745529226000,,,,,,,,,,,,,,,,-1.519,-20.464,25079.600,1326.333,,,,,,,,,,,,,,,,,,,,,,,,,3.797,0.032,16.704,0.883,,,,,,,,,,,,,,,,,,,,,,,,,,,,,,,,,,,,23.256,0.233,23.311,1.233,,,,,,,,,,,,,,,,,,,,,,,,,,,,,,,,,,,,,,,
United Kingdom,1962,GBR,53272836,753069252000,,,,,,,,,,,,,,,,3.553,47.118,25781.461,1373.452,,,,,,,,,,,,,,,,,,,,,,,,,45.122,0.399,24.065,1.282,,,,,,,,,,,,,,,,,,,,,,,,,,,,,,,,,,,,4.717,0.058,24.232,1.291,,,,,,,,,,,,,,,,,,,,,,,,,,,,,,,,,,,,,,,
United Kingdom,1963,GBR,53652939,782013375000,,,,,,,,,,,,,,,,-0.831,-11.420,25385.963,1362.031,,,,,,,,,,,,,,,,,,,,,,,,,33.613,0.431,31.926,1.713,,,,,,,,,,,,,,,,,,,,,,,,,,,,,,,,,,,,10.811,0.140,26.662,1.430,,,,,,,,,,,,,,,,,,,,,,,,,,,,,,,,,,,,,,,
United Kingdom,1964,GBR,54009130,823416741000,,,,,,,,,,,,,,,,-1.111,-15.138,24938.260,1346.894,,,,,,,,,,,,,,,,,,,,,,,,,11.950,0.205,35.506,1.918,,,,,,,,,,,,,,,,,,,,,,,,,,,,,,,,,,,,3.252,0.047,27.347,1.477,,,,,,,,,,,,,,,,,,,,,,,,,,,,,,,,,,,,,,,
United Kingdom,1965,GBR,54359022,844870750000,,,0.000,0.000,,,,0.000,,,,25116.846,1365.327,,,-3.165,-42.627,23993.566,1304.267,,58.990,,,,,,,42609.754,2.742,,,,,41568.836,2259.641,,97.630,,,8.595,,,158.108,6.180,0.119,37.457,2.036,,0.371,,,,12.811,84.843,4.612,235.676,,0.554,,,54.853,363.270,19.747,1009.083,,2.370,,,,,42.042,278.427,15.135,773.407,,1.816,,,885.720,,,16293.883,-33.858,-0.500,17.972,0.977,,38.268,0.000,0.000,,,,0.000,,0.000,,,0.000,,2316.225,,,12.811,84.843,4.612,235.676,,0.554,,,0.000,0.000,0.000,0.000,,0.000,,,0.000,0.000,0.000,0.000,,0.000
United Kingdom,1966,GBR,54676346,861009751000,,0.000,0.000,0.000,,,,0.000,,-4.827,-65.907,23765.668,1299.420,,,-6.882,-89.766,22212.555,1214.501,,55.878,,,,,0.487,11.275,42568.684,2.703,-0.129,-2.920,,,41274.172,2256.721,,97.043,-2.436,-0.209,8.385,,,153.361,-2.646,-0.054,36.255,1.982,,0.361,,-1.648,-0.211,12.600,82.961,4.536,230.447,,0.542,25.351,13.906,68.758,452.719,24.753,1257.552,,2.957,,,33.578,14.117,56.158,369.758,20.217,1027.105,,2.415,7.135,63.196,948.916,,,17355.143,-7.143,-0.070,16.591,0.907,,40.805,0.000,0.000,,,0.000,0.000,,0.000,,,0.000,,2327.500,-1.648,-0.211,12.600,82.961,4.536,230.447,,0.542,,0.000,0.000,0.000,0.000,0.000,,0.000,,0.000,0.000,0.000,0.000,0.000,,0.000
United Kingdom,1967,GBR,54973661,880333262000,,0.000,0.000,0.000,,,,0.000,,-6.586,-85.585,22080.297,1213.835,,,-1.404,-17.048,21782.311,1197.453,,52.187,,,,,0.031,0.714,42351.449,2.645,-0.399,-9.001,,,40887.223,2247.720,,96.637,68.239,5.722,14.107,,,256.617,253.261,5.020,127.381,7.003,,0.607,,7.694,0.969,13.569,88.861,4.885,246.835,,0.583,13.772,9.469,78.228,512.282,28.162,1423.005,,3.363,,,15.136,8.500,64.658,423.421,23.277,1176.169,,2.780,7.468,70.863,1019.779,,,18550.311,14.103,0.128,18.828,1.035,,43.844,0.000,0.000,,,0.000,0.000,,0.000,,,0.000,,2328.214,7.694,0.969,13.569,88.861,4.885,246.835,,0.583,,0.000,0.000,0.000,0.000,0.000,,0.000,,0.000,0.000,0.000,0.000,0.000,,0.000
United Kingdom,1968,GBR,55240654,916165902000,,0.000,0.000,0.000,,,,0.000,,0.076,0.919,21990.209,1214.754,,,-4.680,-56.039,20662.574,1141.414,,50.422,,,,,3.574,83.210,43653.074,2.632,3.487,78.384,,,42108.551,2326.104,,96.551,125.804,17.747,31.855,,,576.651,238.308,16.688,428.858,23.690,,1.322,,-23.808,-3.231,10.339,67.378,3.722,187.161,,0.429,6.214,4.861,83.089,541.485,29.912,1504.126,,3.449,,,12.514,8.092,72.750,474.107,26.190,1316.965,,3.020,5.856,59.717,1079.496,,,19541.691,-5.618,-0.058,17.685,0.977,,44.807,0.000,0.000,,,0.000,0.000,,0.000,,,0.000,,2411.424,-23.808,-3.231,10.339,67.378,3.722,187.161,,0.429,,0.000,0.000,0.000,0.000,0.000,,0.000,,0.000,0.000,0.000,0.000,0.000,,0.000
United Kingdom,1969,GBR,55456208,932854020000,,0.000,0.000,0.000,,,,0.000,,-2.528,-30.703,21351.086,1184.050,,,-8.244,-94.093,18885.561,1047.322,,47.430,,,,,3.621,87.306,45057.719,2.679,3.455,80.356,,,43393.875,2406.460,,96.397,94.852,30.215,62.069,,,1119.249,138.790,32.880,1020.091,56.570,,2.486,,-12.520,-1.294,9.044,58.713,3.256,163.092,,0.362,8.254,6.858,89.947,583.902,32.381,1621.950,,3.603,,,11.207,8.153,80.903,525.189,29.125,1458.859,,3.241,7.489,80.844,1160.340,,,20923.541,1.190,0.012,17.826,0.989,,46.480,0.000,0.000,,,0.000,0.000,,0.000,,,0.000,,2498.730,-12.520,-1.294,9.044,58.713,3.256,163.092,,0.362,,0.000,0.000,0.000,0.000,0.000,,0.000,,0.000,0.000,0.000,0.000,0.000,,0.000
United Kingdom,1970,GBR,55663801,954756384000,,0.000,0.000,0.000,,,,0.000,,-5.683,-67.291,20062.574,1116.759,,,-3.831,-40.128,18094.230,1007.194,,43.817,,,,,2.094,52.313,45829.477,2.672,2.384,57.361,,,44262.531,2463.821,,96.671,90.556,56.208,118.277,,,2124.848,93.558,52.926,1967.103,109.496,,4.641,,39.312,3.556,12.600,81.489,4.536,226.359,,0.494,-5.661,-5.092,84.856,548.795,30.548,1524.430,,3.329,,,-10.688,-8.647,72.256,467.305,26.012,1298.071,,2.835,5.899,68.444,1228.784,,,22075.107,83.529,0.826,32.594,1.814,,48.213,0.000,0.000,,,0.000,0.000,,0.000,,,0.000,,2551.043,39.312,3.556,12.600,81.489,4.536,226.359,,0.494,,0.000,0.000,0.000,0.000,0.000,,0.000,,0.000,0.000,0.000,0.000,0.000,,0.000
United Kingdom,1971,GBR,55890372,975018080000,,0.000,0.000,0.000,,,,0.000,,-11.376,-127.046,17708.113,989.713,,,-0.031,-0.308,18015.367,1006.886,,39.563,,,,,-1.850,-47.193,44799.301,2.568,-1.953,-48.113,,,43222.254,2415.708,,96.567,61.239,72.432,190.709,,,3412.193,66.182,72.467,3255.712,181.963,,7.623,,-25.639,-3.231,9.369,60.350,3.373,167.640,,0.375,1.221,1.036,85.892,553.244,30.921,1536.788,,3.433,,,5.905,4.267,76.522,492.893,27.548,1369.148,,3.059,0.529,6.502,1235.286,,,22101.949,35.897,0.651,44.114,2.466,,49.380,0.000,0.000,,,0.000,0.000,,0.000,,,0.000,,2503.850,-25.639,-3.231,9.369,60.350,3.373,167.640,,0.375,,0.000,0.000,0.000,0.000,0.000,,0.000,,0.000,0.000,0.000,0.000,0.000,,0.000
United Kingdom,1972,GBR,56079239,1009534158000,,0.000,0.000,0.000,,,,0.000,,-12.407,-122.790,15458.902,866.923,,,-17.159,-172.767,14873.935,834.119,,34.153,,,,,1.472,36.849,45305.508,2.517,1.310,31.656,,,43641.176,2447.364,,96.416,41.908,79.921,270.630,,,4825.852,44.292,80.596,4681.926,262.559,,10.662,,0.000,0.000,9.369,60.147,3.373,167.075,,0.369,5.918,5.083,90.975,584.013,32.751,1622.258,,3.584,,,6.643,5.083,81.606,523.866,29.378,1455.183,,3.215,6.033,74.524,1309.810,,,23356.424,57.075,1.407,69.059,3.873,,51.601,0.000,0.000,,,0.000,0.000,,0.000,,,0.000,,2540.698,0.000,0.000,9.369,60.147,3.373,167.075,,0.369,,0.000,0.000,0.000,0.000,0.000,,0.000,,0.000,0.000,0.000,0.000,0.000,,0.000
United Kingdom,1973,GBR,56188787,1077433280000,,0.000,0.000,0.000,,,,0.000,,8.312,72.060,16711.217,938.983,,,8.332,69.500,16081.831,903.619,,35.238,,,,,4.974,126.385,47466.469,2.475,5.268,128.928,,,45850.648,2576.292,,96.681,8.195,22.178,292.809,,,5211.155,8.575,22.516,5073.513,285.075,,10.988,,13.786,1.292,10.661,68.305,3.838,189.737,,0.400,-2.797,-2.544,88.431,566.572,31.835,1573.811,,3.319,,,-4.701,-3.836,77.769,498.267,27.997,1384.074,,2.918,2.649,34.690,1344.501,,,23928.277,11.712,0.454,76.997,4.326,,50.456,0.000,0.000,,,0.000,0.000,,0.000,,,0.000,,2667.083,13.786,1.292,10.661,68.305,3.838,189.737,,0.400,,0.000,0.000,0.000,0.000,0.000,,0.000,,0.000,0.000,0.000,0.000,0.000,,0.000
United Kingdom,1974,GBR,56224550,1062802272000,,0.000,0.000,0.000,,,,0.000,,-11.962,-112.323,14702.837,826.660,,,-16.317,-147.441,13449.240,756.177,,32.669,,,,,-5.021,-133.904,45054.680,2.383,-5.843,-150.540,,,43144.012,2425.752,,95.863,19.609,57.417,350.226,,,6229.055,20.602,58.732,6114.875,343.806,,13.841,,6.071,0.647,11.308,72.406,4.071,201.128,,0.447,18.385,16.258,104.689,670.312,37.688,1861.978,,4.137,,,20.074,15.611,93.381,597.906,33.617,1660.850,,3.690,-7.113,-95.635,1248.866,,,22212.117,10.215,0.442,84.808,4.768,,49.354,0.000,0.000,,,0.000,0.000,,0.000,,,0.000,,2533.179,6.071,0.647,11.308,72.406,4.071,201.128,,0.447,,0.000,0.000,0.000,0.000,0.000,,0.000,,0.000,0.000,0.000,0.000,0.000,,0.000
United Kingdom,1975,GBR,56220139,1061564060000,,0.000,0.000,0.000,,,,0.000,,0.598,4.943,14791.908,831.603,,,16.506,124.813,15670.375,880.991,,34.857,,,,,-5.721,-144.930,42480.316,2.250,-5.563,-134.937,,,40747.242,2290.816,,96.021,4.782,16.747,366.973,,,6527.430,4.130,14.200,6367.937,358.006,,15.382,,-5.723,-0.647,10.661,68.267,3.838,189.632,,0.447,-9.319,-9.756,94.933,607.896,34.176,1688.600,,3.979,,,-9.754,-9.108,84.272,539.629,30.338,1498.969,,3.532,-12.542,-156.627,1092.240,,,19427.904,282.439,13.468,324.365,18.236,,45.782,0.000,0.000,,,0.000,0.000,,0.000,,,0.000,,2388.249,-5.723,-0.647,10.661,68.267,3.838,189.632,,0.447,,0.000,0.000,0.000,0.000,0.000,,0.000,,0.000,0.000,0.000,0.000,0.000,,0.000
United Kingdom,1976,GBR,56201143,1085394066000,,0.000,0.000,0.000,,,,0.000,,1.764,14.665,15057.854,846.269,,,-3.794,-33.425,15080.933,847.566,,34.763,,,,,2.056,49.109,43368.484,2.246,1.333,30.540,,,41304.414,2321.355,,95.357,6.069,22.271,389.244,,,6925.917,5.899,21.120,6745.884,379.126,,15.989,,18.187,1.939,12.600,80.710,4.536,224.195,,0.518,19.063,18.097,113.031,724.024,40.691,2011.179,,4.643,,,19.174,16.158,100.431,643.314,36.155,1786.984,,4.125,-0.586,-6.397,1085.842,,,19320.643,676.084,123.290,2518.196,141.525,,44.604,0.000,0.000,,,0.000,0.000,,0.000,,,0.000,,2437.358,18.187,1.939,12.600,80.710,4.536,224.195,,0.518,,0.000,0.000,0.000,0.000,0.000,,0.000,,0.000,0.000,0.000,0.000,0.000,,0.000
United Kingdom,1977,GBR,56175829,1108973460000,,0.000,0.000,0.000,,,,0.000,,0.328,2.780,15114.119,849.048,,,-1.328,-11.256,14887.361,836.310,,34.238,,,,,1.870,45.590,44199.586,2.239,1.566,36.341,,,41969.945,2357.697,,95.074,6.286,24.470,413.714,,,7364.626,4.485,17.003,7051.599,396.129,,16.683,,-12.831,-1.617,10.983,70.386,3.954,195.517,,0.443,8.071,9.122,122.153,782.810,43.975,2174.472,,4.926,,,10.693,10.739,111.169,712.424,40.021,1978.955,,4.483,0.837,9.092,1094.934,,,19491.199,214.447,303.496,7921.947,445.022,,44.153,0.000,0.000,,,0.000,0.000,,0.000,,,0.000,,2482.948,-12.831,-1.617,10.983,70.386,3.954,195.517,,0.443,,0.000,0.000,0.000,0.000,0.000,,0.000,,0.000,0.000,0.000,0.000,0.000,,0.000
United Kingdom,1978,GBR,56175553,1148502816000,,0.000,0.000,0.000,,,,0.000,,-2.581,-21.911,14724.148,827.137,,,1.168,9.770,15061.355,846.080,,33.162,,,,,0.574,14.244,44453.375,2.174,0.926,21.835,,,42358.840,2379.531,,95.401,3.728,15.421,429.135,,,7639.184,-4.239,-16.794,6752.684,379.336,,17.205,,2.959,0.325,11.308,72.469,4.071,201.303,,0.453,-6.094,-7.444,114.708,735.106,41.295,2041.962,,4.599,,,-6.989,-7.769,103.400,662.637,37.224,1840.658,,4.146,2.587,28.324,1123.259,,,19995.508,41.137,183.068,11180.839,628.090,,45.034,0.000,0.000,,,0.000,0.000,,0.000,,,0.000,,2497.193,2.959,0.325,11.308,72.469,4.071,201.303,,0.453,,0.000,0.000,0.000,0.000,0.000,,0.000,,0.000,0.000,0.000,0.000,0.000,,0.000
United Kingdom,1979,GBR,56218759,1180113264000,,0.000,0.000,0.000,,,,0.000,,7.493,61.976,15815.245,889.113,,,-0.978,-8.271,14902.664,837.809,,34.053,,,,,4.679,116.846,46497.625,2.215,4.752,113.084,,,44337.785,2492.615,,95.467,9.561,41.031,470.166,,,8363.151,0.978,3.710,6813.485,383.046,,18.007,,5.699,0.644,11.953,76.540,4.303,212.612,,0.458,3.187,3.656,118.364,757.950,42.611,2105.416,,4.533,,,2.912,3.011,106.411,681.410,38.308,1892.804,,4.076,0.897,10.077,1133.336,,,20159.389,44.158,277.352,16105.690,905.442,,43.407,0.000,0.000,,,0.000,0.000,,0.000,,,0.000,,2614.039,5.699,0.644,11.953,76.540,4.303,212.612,,0.458,,0.000,0.000,0.000,0.000,0.000,,0.000,,0.000,0.000,0.000,0.000,0.000,,0.000
United Kingdom,1980,GBR,56282102,1160744168000,,0.000,0.000,0.000,,,,0.000,,-7.044,-62.628,14684.703,826.486,,,15.913,133.319,17254.660,971.129,,34.753,,,,,-8.910,-232.913,42306.977,2.051,-9.156,-228.235,,,40232.688,2264.380,,95.214,-0.297,-1.396,468.770,,,8328.942,-4.934,-18.899,6470.031,364.147,,19.711,,-8.111,-0.969,10.983,70.253,3.954,195.148,,0.462,-3.835,-4.539,113.825,728.064,40.977,2022.401,,4.786,,,-3.354,-3.569,102.842,657.811,37.023,1827.253,,4.324,-14.489,-164.212,969.124,,,17219.043,3.356,30.389,16627.510,935.831,,40.750,0.000,0.000,,,0.000,0.000,,0.000,,,0.000,,2381.125,-8.111,-0.969,10.983,70.253,3.954,195.148,,0.462,,0.000,0.000,0.000,0.000,0.000,,0.000,,0.000,0.000,0.000,0.000,0.000,,0.000
United Kingdom,1981,GBR,56304590,1145638001777,,0.000,0.000,0.000,,,,0.000,,-0.543,-4.489,14599.107,821.997,,,-6.580,-63.896,16112.950,907.233,,35.551,,,,,-2.769,-65.934,41119.059,2.021,-3.091,-69.993,,,38973.504,2194.387,,94.908,1.355,6.350,475.120,,,8438.396,-0.224,-0.814,6452.988,363.333,,20.549,,11.760,1.292,12.275,78.484,4.419,218.011,,0.531,3.443,3.919,117.744,752.834,42.388,2091.205,,5.092,,,2.555,2.628,105.469,674.350,37.969,1873.194,,4.562,-7.414,-71.854,897.270,,,15936.002,11.201,104.821,18482.551,1040.652,,38.807,0.000,0.000,,,0.000,0.000,,0.000,,,0.000,,2315.192,11.760,1.292,12.275,78.484,4.419,218.011,,0.531,,0.000,0.000,0.000,0.000,0.000,,0.000,,0.000,0.000,0.000,0.000,0.000,,0.000
United Kingdom,1982,GBR,56292761,1163414869531,,0.000,0.000,0.000,,,,0.000,,-6.735,-55.359,13618.767,766.638,,,-2.486,-22.551,15715.742,884.682,,33.599,,,,,-1.297,-30.022,40594.371,1.964,-2.160,-47.402,,,38139.629,2146.985,,94.095,-0.499,-2.372,472.748,,,8398.022,1.639,5.955,6560.122,369.287,,20.719,,2.648,0.325,12.600,80.579,4.536,223.830,,0.552,14.438,17.000,134.744,861.709,48.508,2393.637,,5.905,,,15.810,16.675,122.144,781.131,43.972,2169.807,,5.353,1.151,10.329,907.599,,,16122.839,15.354,159.785,21324.891,1200.437,,39.777,0.000,0.000,,,0.000,0.000,,0.000,,,0.000,,2285.169,2.648,0.325,12.600,80.579,4.536,223.830,,0.552,,0.000,0.000,0.000,0.000,0.000,,0.000,,0.000,0.000,0.000,0.000,0.000,,0.000
United Kingdom,1983,GBR,56332060,1204671082289,,0.000,0.000,0.000,,,,0.000,,0.930,7.129,13735.822,773.767,,,-4.434,-39.228,15008.406,845.454,,33.780,,,,,0.404,9.240,40730.074,1.905,-0.357,-7.660,,,37977.035,2139.325,,93.395,4.239,20.038,492.786,,,8747.885,3.112,11.490,6759.522,380.778,,21.513,,0.000,0.000,12.600,80.523,4.536,223.674,,0.550,12.278,16.544,151.289,966.838,54.464,2685.662,,6.605,,,13.545,16.544,138.689,886.316,49.928,2461.989,,6.055,-3.837,-34.828,872.771,,,15493.329,11.375,136.548,23733.994,1336.985,,38.102,0.000,0.000,,,0.000,0.000,,0.000,,,0.000,,2294.409,0.000,0.000,12.600,80.523,4.536,223.674,,0.550,,0.000,0.000,0.000,0.000,0.000,,0.000,,0.000,0.000,0.000,0.000,0.000,,0.000
United Kingdom,1984,GBR,56451312,1234772432695,,0.000,0.000,0.000,,,,0.000,,-28.942,-223.947,9739.719,549.820,,,-57.743,-488.193,6328.674,357.262,,24.016,,,,,-0.043,-0.992,40626.453,1.857,-0.584,-12.490,,,37675.551,2126.834,,92.900,2.310,11.386,504.172,,,8931.097,-2.242,-8.536,6594.025,372.241,,22.022,,0.000,0.000,12.600,80.352,4.536,223.201,,0.550,7.440,11.256,162.544,1036.575,58.516,2879.375,,7.100,,,8.114,11.253,149.942,956.205,53.979,2656.124,,6.549,22.924,200.071,1072.842,,,19004.736,9.660,129.151,25971.689,1466.136,,46.862,0.000,0.000,,,0.000,0.000,,0.000,,,0.000,,2293.417,0.022,0.003,12.603,80.370,4.537,223.251,,0.550,,0.003,0.003,0.018,0.001,0.050,,0.000,,0.000,0.000,0.000,0.000,0.000,,0.000
United Kingdom,1985,GBR,56606416,1278428360152,,0.000,0.000,0.000,,,,0.000,,33.004,181.463,12918.726,731.283,3129.733,177.163,84.160,300.670,11622.930,657.932,59.433,30.644,,,298.089,13.127,4.243,97.310,42234.191,1.870,3.707,78.839,4034.278,228.366,38965.070,2205.673,76.610,92.428,7.548,38.053,542.225,51.160,2.896,9578.869,11.572,43.078,7336.959,415.319,0.972,22.722,,-12.826,-1.616,10.984,69.854,3.954,194.040,1.327,0.460,11.167,18.151,180.695,1149.167,65.050,3192.130,21.822,7.572,,,13.183,19.767,169.708,1079.295,61.095,2998.041,20.496,7.112,-13.113,-140.678,932.165,853.384,48.307,16467.475,1.226,17.980,26218.158,1484.116,16.206,39.062,0.000,0.000,,,0.000,0.000,,0.000,0.000,,0.000,5265.993,2390.726,-12.823,-1.616,10.987,69.872,3.955,194.089,1.327,0.460,0.000,0.000,0.003,0.018,0.001,0.050,0.000,0.000,,0.000,0.000,0.000,0.000,0.000,0.000,0.000
United Kingdom,1986,GBR,56751926,1334598557867,,0.000,0.000,0.000,,,,0.000,,7.998,58.487,13916.180,789.770,3548.091,201.361,15.944,104.903,13441.569,762.835,66.882,32.200,,,301.071,12.871,2.774,66.329,43294.660,1.841,3.157,69.642,4129.181,234.339,40092.301,2275.315,77.835,92.769,1.664,9.025,551.250,30.713,1.743,9713.333,5.136,21.329,7693.983,436.648,0.579,22.476,,20.588,2.261,13.245,84.020,4.768,233.389,1.584,0.540,-1.848,-3.339,177.356,1125.042,63.848,3125.117,21.207,7.231,,,-3.300,-5.600,164.108,1041.004,59.079,2891.678,19.623,6.691,0.229,2.130,934.295,550.378,31.235,16462.787,-0.426,-6.315,26039.660,1477.801,10.375,38.093,0.000,0.000,,,0.000,0.000,,0.000,0.000,,0.000,5305.036,2457.055,20.583,2.261,13.248,84.038,4.769,233.438,1.584,0.540,0.000,0.000,0.003,0.018,0.001,0.049,0.000,0.000,,0.000,0.000,0.000,0.000,0.000,0.000,0.000
United Kingdom,1987,GBR,56886021,1398101055156,,0.000,0.000,0.000,,,,0.000,,2.446,19.317,14222.958,809.087,3690.256,209.924,-3.664,-27.947,12918.605,734.888,69.485,33.039,,,302.112,12.893,-0.168,-4.120,43120.188,1.754,0.374,8.502,4231.690,240.724,40147.242,2283.817,79.680,93.259,2.705,14.910,566.160,79.668,4.532,9952.533,4.693,20.492,8036.076,457.140,1.500,23.119,,-12.195,-1.615,11.630,73.600,4.187,204.444,1.386,0.475,-6.928,-12.288,165.069,1044.629,59.425,2901.748,19.670,6.741,,,-6.501,-10.669,153.439,971.029,55.238,2697.304,18.284,6.266,-2.753,-25.725,908.569,461.765,26.268,15971.753,-2.925,-43.229,25218.359,1434.572,8.695,37.101,0.000,0.000,,,0.000,0.000,,0.000,0.000,,0.000,5310.830,2452.936,-12.214,-1.618,11.630,73.600,4.187,204.444,1.386,0.475,-100.000,-0.003,0.000,0.000,0.000,0.000,0.000,0.000,,0.000,0.000,0.000,0.000,0.000,0.000,0.000
United Kingdom,1988,GBR,57026539,1467801408523,,0.000,0.000,0.000,,,,0.000,,-2.928,-23.690,13772.485,785.397,3566.304,203.374,0.180,1.326,12910.023,736.214,65.854,31.656,,,308.825,13.088,1.335,32.751,43588.254,1.693,0.323,7.366,4147.981,236.545,40177.488,2291.183,76.595,92.348,-4.747,-26.877,539.283,83.786,4.778,9456.704,-3.699,-16.910,7719.746,440.230,1.547,21.736,,16.667,1.938,13.568,85.655,4.885,237.930,1.582,0.547,15.005,24.769,189.838,1198.418,68.342,3328.938,22.130,7.652,,,14.877,22.828,176.267,1112.745,63.456,3090.958,20.548,7.105,6.376,57.933,966.503,497.891,28.393,16948.301,-7.209,-103.414,23342.785,1331.158,9.194,38.956,0.000,0.000,,,0.000,0.000,,0.000,0.000,,0.000,5415.461,2485.687,16.691,1.941,13.571,85.673,4.886,237.979,1.582,0.547,,0.003,0.003,0.018,0.001,0.049,0.000,0.000,,0.000,0.000,0.000,0.000,0.000,0.000,0.000
United Kingdom,1989,GBR,57182137,1499837502578,,0.000,0.000,0.000,,,,0.000,,-3.743,-29.401,13220.852,755.997,3496.511,199.938,-3.824,-28.156,12382.498,708.058,63.556,30.440,,,314.585,13.401,0.121,3.005,43522.199,1.659,-0.880,-20.163,4097.940,234.329,39715.543,2271.020,74.488,91.442,-2.273,-12.258,527.025,86.548,4.949,9216.604,-2.071,-9.118,7539.286,431.112,1.573,21.221,,-2.381,-0.323,13.245,83.388,4.768,231.633,1.516,0.533,11.954,22.694,212.531,1338.028,76.511,3716.744,24.321,8.558,,,13.045,22.994,199.261,1254.483,71.734,3484.674,22.803,8.023,2.224,21.495,987.998,514.881,29.442,17278.090,-19.875,-264.571,18652.455,1066.587,9.359,39.782,0.000,0.000,,,0.000,0.000,,0.000,0.000,,0.000,5501.456,2488.692,-2.217,-0.301,13.270,83.545,4.777,232.070,1.519,0.534,-100.000,-0.003,0.000,0.000,0.000,0.000,0.000,0.000,,0.025,0.025,0.157,0.009,0.437,0.003,0.001
United Kingdom,1990,GBR,57367867,1505692258761,,0.000,0.000,0.000,10.459,0.600,0.188,0.000,705.020,-0.091,-0.686,13166.087,755.310,3598.530,206.440,-7.291,-51.626,11442.506,656.432,64.563,30.170,331.690,5781.808,319.750,13.456,0.792,19.701,43724.711,1.666,1.486,33.750,4327.684,248.270,40175.273,2304.770,77.645,92.062,4.120,21.713,548.738,87.157,5.000,9565.255,10.421,44.927,8298.011,476.039,1.564,21.919,,7.317,0.969,14.214,89.249,5.120,247.777,1.601,0.568,-6.588,-13.794,198.737,1245.994,71.480,3464.264,22.355,7.938,11.940,3.600,-8.343,-16.625,182.636,1146.112,65.750,3183.596,20.563,7.295,1.288,12.723,1000.721,641.997,36.830,17443.932,-0.116,-1.233,18570.578,1065.354,11.518,39.973,1.862,0.600,0.000,,1.862,10.459,0.000,32.455,0.188,0.000,0.074,5573.678,2508.393,19.775,2.831,16.101,99.882,5.730,280.668,1.792,0.643,,0.000,0.000,0.000,0.000,0.000,0.000,0.000,0.000,0.000,0.025,0.174,0.010,0.436,0.003,0.001
United Kingdom,1991,GBR,57555199,1488075367051,,0.000,0.000,0.000,11.988,0.690,0.214,0.000,700.140,0.169,1.279,13145.462,756.590,3674.038,211.460,1.970,12.933,11629.960,669.365,65.492,29.599,339.290,5895.037,322.880,13.336,2.106,52.823,44500.176,1.721,1.764,40.646,4293.270,247.100,40750.715,2345.416,76.530,91.756,8.024,44.031,592.769,101.120,5.820,10299.147,11.341,53.986,9208.997,530.026,1.803,23.190,,-11.364,-1.615,12.599,78.881,4.540,218.906,1.406,0.493,6.023,11.989,210.727,1316.649,75.780,3661.296,23.470,8.244,16.410,4.837,7.291,13.317,195.953,1225.606,70.540,3404.606,21.847,7.666,-0.466,-4.665,996.056,518.111,29.820,17306.104,-0.376,-4.001,18440.625,1061.354,9.236,38.967,2.150,0.690,0.000,15.458,0.288,11.988,0.000,37.350,0.214,0.000,0.084,5609.919,2561.217,-8.553,-1.327,14.774,91.043,5.240,256.690,1.623,0.578,,0.000,0.000,0.000,0.000,0.000,0.000,0.000,0.000,0.000,0.025,0.174,0.010,0.434,0.003,0.001
United Kingdom,1992,GBR,57719273,1491752084171,,0.000,0.000,0.000,16.112,0.930,0.290,0.000,665.120,-5.975,-45.206,12324.892,711.384,3354.859,193.640,-10.496,-70.257,10379.684,599.108,60.316,28.010,337.730,5851.252,321.040,13.424,-0.620,-15.889,44098.398,1.706,-1.574,-36.928,4122.020,237.920,39995.090,2308.487,74.109,90.896,-0.481,-2.849,589.920,217.951,12.580,10220.506,1.692,8.967,9338.170,538.992,3.919,23.228,,17.949,2.261,14.861,92.690,5.350,257.463,1.666,0.585,9.698,20.498,231.224,1440.074,83.120,4006.017,25.891,9.104,16.690,4.942,8.880,17.400,213.353,1330.751,76.810,3696.387,23.925,8.401,1.117,11.127,1007.183,549.210,31.700,17449.691,3.277,34.785,18990.869,1096.139,9.874,39.657,2.919,0.930,0.000,35.805,0.770,16.112,0.000,50.579,0.290,0.000,0.115,5562.094,2545.327,20.724,3.098,17.872,109.322,6.310,309.630,1.965,0.704,,0.000,0.000,0.000,0.000,0.000,0.000,0.000,266.667,0.067,0.092,0.520,0.030,1.588,0.009,0.004
United Kingdom,1993,GBR,57861037,1527509015289,,0.000,0.000,0.000,20.739,1.200,0.371,0.000,608.210,-12.919,-91.900,10706.403,619.484,2959.677,171.250,-19.269,-115.439,8359.139,483.668,53.001,24.119,339.830,5873.209,323.110,13.468,1.155,29.398,44498.426,1.686,-0.195,-4.493,3941.167,228.040,39819.445,2303.994,70.577,89.702,13.960,82.352,672.272,588.306,34.040,11618.736,17.570,94.703,10952.023,633.695,10.535,26.174,,-19.565,-2.908,11.953,74.316,4.300,206.582,1.331,0.465,14.373,33.278,264.502,1643.075,95.070,4571.338,29.423,10.298,16.720,4.920,16.334,34.850,248.203,1544.217,89.350,4289.636,27.653,9.663,0.502,5.055,1012.239,393.183,22.750,17494.307,6.300,69.059,20137.871,1165.198,7.041,39.410,3.744,1.200,0.000,28.238,0.824,20.739,0.000,64.702,0.371,0.000,0.146,5584.241,2574.725,-9.481,-1.572,16.300,98.858,5.720,281.702,1.770,0.635,,0.000,0.000,0.000,0.000,0.000,0.000,0.000,557.576,0.511,0.603,3.802,0.220,10.418,0.068,0.023
United Kingdom,1994,GBR,58003200,1585373248060,,0.000,0.000,0.000,26.205,1.520,0.465,0.000,588.960,-6.631,-41.077,9971.974,578.406,2781.571,161.340,-28.576,-138.211,5955.835,345.458,49.406,22.795,343.450,5921.225,326.560,13.793,-1.200,-30.902,43856.598,1.605,-1.375,-31.669,3987.711,231.300,39175.863,2272.325,70.829,89.551,2.972,19.980,692.253,918.225,53.260,11934.729,6.761,42.845,11663.845,676.540,16.309,27.281,,18.919,2.261,14.214,88.271,5.120,245.063,1.568,0.560,0.200,0.641,265.143,1642.323,95.260,4571.180,29.171,10.449,16.890,4.918,-1.199,-2.975,245.228,1521.985,88.280,4227.832,27.033,9.664,-1.044,-10.572,1001.667,287.915,16.700,17269.160,26.303,306.485,25372.453,1471.683,5.114,39.475,4.745,1.520,0.000,26.753,1.002,26.205,0.000,81.811,0.465,0.000,0.187,5630.034,2543.823,22.063,3.616,19.915,120.338,6.980,343.348,2.137,0.785,,0.000,0.000,0.000,0.000,0.000,0.000,0.000,58.525,0.353,0.956,5.862,0.340,16.474,0.104,0.038
United Kingdom,1995,GBR,58154632,1623858039641,,0.000,0.000,0.000,28.201,1.640,0.486,0.000,579.460,-4.580,-26.493,9490.443,551.913,2668.919,155.210,10.258,35.437,6549.678,380.894,45.999,21.676,353.730,6082.577,337.420,14.204,0.343,8.722,43892.383,1.572,0.336,7.628,4157.537,241.780,39205.016,2279.953,71.656,89.543,6.621,45.834,738.086,1096.043,63.740,12691.789,9.447,63.913,12732.493,740.453,18.890,28.988,,-9.091,-1.292,12.922,79.959,4.650,222.204,1.378,0.508,0.407,1.120,266.263,1644.581,95.640,4578.540,28.344,10.457,16.310,4.611,0.773,1.894,247.122,1529.715,88.960,4249.398,26.365,9.705,-1.169,-11.713,989.954,392.574,22.830,17022.781,2.649,38.984,25976.730,1510.667,6.766,38.879,5.130,1.640,0.000,8.107,0.385,28.201,0.000,88.213,0.486,0.000,0.201,5802.118,2552.545,-4.214,-0.774,19.141,114.866,6.680,329.142,1.980,0.752,,0.000,0.000,0.000,0.000,0.000,0.000,0.000,13.953,0.133,1.089,6.706,0.390,18.724,0.116,0.043
United Kingdom,1996,GBR,58298563,1663446715470,,0.000,0.000,0.000,30.876,1.800,0.513,0.000,556.530,-6.511,-35.937,8850.588,515.977,2526.134,147.270,-4.933,-18.789,6211.210,362.105,41.973,19.326,367.620,6305.816,350.870,14.087,4.848,123.750,45906.703,1.609,4.845,110.466,4297.019,250.510,41003.051,2390.419,71.397,89.535,16.496,121.754,859.841,1442.403,84.090,14748.919,18.928,140.154,15105.136,880.608,23.966,32.206,,-27.000,-3.489,9.433,58.320,3.400,161.809,0.969,0.353,4.924,13.140,279.403,1721.483,100.360,4792.625,28.603,10.465,16.750,4.556,6.415,15.853,262.975,1623.882,94.670,4510.831,26.982,9.850,2.490,24.648,1014.602,328.482,19.150,17403.543,-0.118,-1.779,25882.076,1508.888,5.458,38.003,5.639,1.800,0.000,9.929,0.509,30.876,0.000,96.733,0.513,0.000,0.211,6018.501,2676.295,-14.913,-2.713,16.428,97.601,5.690,281.793,1.622,0.615,,0.000,0.000,0.000,0.000,0.000,0.000,0.000,24.490,0.267,1.356,8.405,0.490,23.252,0.140,0.051
United Kingdom,1997,GBR,58447091,1713864597603,,0.000,0.000,0.000,36.101,2.110,0.602,0.000,511.990,-10.815,-55.801,7873.375,460.176,2086.845,121.970,-2.672,-9.676,6029.877,352.429,34.782,17.543,367.240,6283.290,350.670,14.400,-1.730,-46.296,44997.941,1.535,-2.536,-60.617,4197.643,245.340,39861.719,2329.802,69.963,88.819,2.831,24.342,884.182,1898.469,110.960,15127.911,2.033,17.901,15373.026,898.509,31.642,33.708,,29.452,2.778,12.212,75.282,4.400,208.933,1.255,0.466,4.942,13.882,293.285,1802.143,105.330,5017.960,30.037,11.181,16.570,4.512,3.671,9.653,272.628,1679.297,98.150,4664.522,27.989,10.393,-2.874,-29.158,985.443,212.329,12.410,16860.432,-1.432,-21.609,25446.592,1487.279,3.539,37.568,6.593,2.110,0.000,16.912,0.954,36.101,0.000,112.805,0.602,0.000,0.251,5999.786,2629.999,26.094,4.229,20.657,122.846,7.180,353.438,2.048,0.788,,0.000,0.000,0.000,0.000,0.000,0.000,0.000,36.680,0.497,1.853,11.463,0.670,31.700,0.191,0.071
United Kingdom,1998,GBR,58626822,1766619867063,,0.000,0.000,0.000,45.201,2.650,0.731,0.000,509.580,-2.496,-11.485,7653.344,448.691,2097.504,122.970,-15.003,-52.873,5109.531,299.556,33.903,16.967,375.420,6403.554,362.710,14.797,0.822,21.619,45228.754,1.501,0.572,13.325,4342.210,254.570,39966.797,2343.126,70.186,88.606,3.984,35.223,919.405,2009.319,117.800,15682.325,5.060,45.464,16101.387,943.973,32.478,34.768,,16.412,2.004,14.216,87.332,5.120,242.476,1.412,0.538,2.674,8.011,301.296,1844.548,108.140,5139.217,29.814,11.394,12.710,3.386,1.365,3.722,276.350,1697.005,99.490,4713.710,27.430,10.450,-1.057,-10.413,975.030,235.387,13.800,16631.129,3.714,55.242,26310.854,1542.522,3.805,36.871,8.294,2.650,0.000,25.803,1.701,45.201,0.000,141.477,0.731,0.000,0.314,6186.758,2651.618,20.576,4.289,24.946,147.543,8.650,425.506,2.385,0.943,,0.000,0.000,0.000,0.000,0.000,0.000,0.000,31.484,0.583,2.436,15.010,0.880,41.553,0.243,0.092
United Kingdom,1999,GBR,58838663,1823341961805,,0.000,0.000,0.000,58.295,3.430,0.932,0.000,492.330,-11.093,-49.774,6779.847,398.917,1804.596,106.180,-9.853,-29.516,4589.500,270.040,28.842,15.155,382.390,6498.958,368.150,15.059,-0.468,-12.399,44855.188,1.447,-0.132,-3.088,4476.648,263.400,39770.414,2340.038,71.547,88.901,6.469,59.472,978.877,2428.675,142.900,16636.627,9.894,93.394,17630.703,1037.367,38.816,37.189,,4.259,0.606,14.821,90.757,5.340,251.894,1.450,0.563,-3.131,-9.137,292.159,1780.292,104.750,4965.427,28.453,11.099,14.240,3.724,-4.375,-12.092,264.258,1616.794,95.130,4491.233,25.840,10.039,-1.311,-12.786,962.244,243.377,14.320,16353.939,3.367,51.940,27098.871,1594.461,3.890,36.557,10.716,3.430,0.000,29.195,2.422,58.295,0.000,182.124,0.932,0.000,0.407,6256.940,2639.219,11.179,2.955,27.901,163.498,9.620,474.194,2.613,1.060,,0.003,0.003,0.000,0.000,0.047,0.000,0.000,-3.079,-0.075,2.361,14.446,0.850,40.129,0.231,0.090
United Kingdom,2000,GBR,59057333,1889565292321,,0.000,0.000,0.000,65.699,3.880,1.029,0.000,521.990,7.077,28.231,7232.765,427.148,2031.077,119.950,-15.796,-42.656,3850.219,227.384,31.812,16.072,391.230,6624.580,377.060,15.158,0.943,24.897,45110.676,1.410,2.243,52.481,4776.545,282.090,40511.805,2392.519,74.813,90.022,3.529,34.540,1013.417,2507.394,148.080,17159.887,9.372,97.224,19211.678,1134.590,39.272,38.131,196.820,-4.683,-0.694,14.127,86.187,5.090,239.209,1.350,0.532,-9.328,-26.985,265.174,1608.098,94.970,4490.106,25.187,9.978,14.170,3.622,-10.585,-27.973,236.285,1440.295,85.060,4000.950,22.559,8.891,-1.069,-10.290,951.954,238.074,14.060,16119.154,-7.917,-126.232,24861.088,1468.229,3.729,35.819,12.131,3.880,0.000,13.202,1.415,65.699,0.000,205.404,1.029,0.000,0.456,6384.643,2664.116,3.108,0.987,28.888,167.803,9.910,489.156,2.628,1.087,0.000,0.000,0.003,0.000,0.000,0.047,0.000,0.000,11.294,0.267,2.628,15.917,0.940,44.495,0.249,0.099
United Kingdom,2001,GBR,59288095,1939268312671,,0.000,0.000,0.000,76.407,4.530,1.177,0.000,528.990,5.946,25.398,7632.989,452.545,2217.309,131.460,2.134,4.853,3917.089,232.237,34.166,16.851,395.170,6665.250,384.770,15.340,1.039,27.690,45402.137,1.388,0.673,16.107,4809.397,285.140,40625.801,2408.626,74.107,89.689,-0.482,-4.885,1008.532,2393.567,141.910,17010.699,-2.332,-26.454,18690.713,1108.137,36.882,37.554,203.540,-20.274,-2.926,11.201,68.311,4.050,188.920,1.053,0.417,4.910,11.717,276.891,1680.438,99.630,4670.255,25.893,10.311,10.400,2.632,5.913,12.589,248.875,1519.529,90.090,4197.720,23.414,9.267,-0.463,-4.405,947.549,198.522,11.770,15982.114,-7.578,-111.260,22887.725,1356.970,3.059,35.284,14.144,4.530,0.000,16.595,2.013,76.407,0.000,238.560,1.177,0.000,0.527,6489.835,2691.806,-3.701,-0.873,28.016,160.909,9.540,472.535,2.479,1.043,100.000,0.003,0.006,0.000,0.000,0.093,0.000,0.000,2.008,0.038,2.666,16.192,0.960,44.963,0.249,0.099
United Kingdom,2002,GBR,59540764,1983994308619,,0.018,0.304,0.018,85.320,5.080,1.312,0.001,520.890,-8.228,-37.237,6975.195,415.308,2087.309,124.280,-5.815,-13.505,3673.654,218.732,32.094,15.827,395.650,6645.027,387.240,15.806,-2.265,-60.966,44185.527,1.326,-2.397,-57.733,4841.557,288.270,39483.762,2350.893,74.442,89.591,-1.308,-13.190,995.341,2557.575,152.280,16716.975,-2.100,-23.272,18220.533,1084.865,39.324,37.932,201.710,18.074,1.916,13.116,80.449,4.790,220.293,1.237,0.500,-0.647,-3.743,273.148,1662.223,98.970,4587.577,25.558,10.409,8.410,2.126,-2.491,-8.194,240.680,1475.460,87.850,4042.281,22.686,9.172,-0.771,-7.306,940.243,196.672,11.710,15791.589,-0.629,-8.538,22647.203,1348.432,3.024,35.832,15.875,5.080,0.000,12.243,1.732,85.320,0.000,266.629,1.312,0.000,0.605,6503.779,2630.840,16.758,4.452,32.467,186.763,11.120,545.296,2.872,1.237,50.000,0.003,0.008,0.000,0.000,0.138,0.000,0.000,30.466,0.784,3.449,20.994,1.250,57.932,0.323,0.131
United Kingdom,2003,GBR,59820385,2050625402735,950.000,0.172,3.175,0.190,103.142,6.170,1.549,0.007,536.780,6.703,27.840,7407.982,443.148,2314.596,138.460,-6.230,-13.628,3428.675,205.105,34.771,16.645,400.370,6692.869,398.210,16.002,1.440,37.894,44612.457,1.301,1.618,38.029,4995.454,298.830,39934.926,2388.923,75.043,89.729,0.276,2.750,998.092,2488.784,148.880,16684.812,-0.627,-6.803,18021.633,1078.061,37.387,37.489,213.750,-32.580,-4.322,8.795,53.995,3.230,147.021,0.811,0.330,0.578,0.299,273.447,1661.307,99.380,4571.138,24.957,10.271,2.160,0.540,0.954,0.971,241.652,1482.605,88.690,4039.625,22.272,9.077,0.791,7.439,947.682,192.075,11.490,15842.132,-8.514,-114.804,20622.203,1233.628,2.885,35.595,19.293,6.170,0.000,21.527,3.417,103.142,0.000,322.512,1.549,0.000,0.725,6656.761,2668.734,-2.380,-0.672,31.795,178.702,10.690,531.512,2.685,1.194,0.000,-0.000,0.008,0.000,0.000,0.137,0.000,0.000,2.303,0.060,3.510,21.565,1.290,58.668,0.324,0.132
United Kingdom,2004,GBR,60169964,2099526641365,-9.524,-0.018,2.856,0.172,122.320,7.360,1.868,0.006,536.020,-2.402,-10.643,7188.067,432.506,2190.295,131.790,-16.000,-32.818,2863.337,172.287,33.456,16.111,401.410,6671.269,393.920,15.629,0.821,21.917,44717.523,1.282,1.560,37.276,4982.220,299.780,40322.422,2426.199,76.102,90.375,2.183,21.787,1019.879,2610.272,157.060,16949.971,-6.394,-68.930,16771.348,1009.131,39.871,37.990,211.150,50.090,4.334,13.129,80.439,4.840,218.192,1.229,0.489,-5.269,-15.069,258.378,1564.568,94.140,4294.136,23.898,9.625,7.490,1.866,-9.795,-24.852,216.800,1329.567,80.000,3603.123,20.309,8.076,2.757,26.131,973.814,181.652,10.930,16184.384,-10.086,-124.428,18434.441,1109.200,2.775,36.274,23.012,7.360,0.000,19.279,3.719,122.320,0.000,382.453,1.868,0.000,0.857,6546.788,2690.652,31.619,9.783,41.578,235.001,14.140,691.013,3.590,1.549,33.333,0.003,0.011,0.000,0.000,0.180,0.000,0.000,50.543,1.745,5.255,32.242,1.940,87.332,0.492,0.196
United Kingdom,2005,GBR,60596107,2161729510824,371.443,0.638,13.369,0.810,150.175,9.100,2.284,0.030,535.260,1.840,7.958,7268.838,440.463,2221.925,134.640,-18.468,-31.818,2318.116,140.469,33.799,16.278,406.670,6711.157,398.350,15.711,0.819,22.031,44766.613,1.255,0.408,9.896,4947.512,299.800,40202.164,2436.095,75.260,90.031,-2.551,-26.014,993.866,2518.974,152.640,16401.475,-8.497,-85.741,15238.442,923.390,38.318,36.730,213.220,1.619,0.105,13.234,81.193,4.920,218.390,1.235,0.489,5.355,11.363,269.741,1626.342,98.550,4451.464,24.740,9.969,8.320,2.046,2.024,2.604,219.404,1346.951,81.620,3620.752,20.490,8.109,2.870,27.952,1001.766,206.614,12.520,16531.852,-11.170,-123.893,16260.230,985.307,3.143,37.022,28.445,9.100,0.000,23.607,5.432,150.175,0.000,469.414,2.284,0.000,1.051,6573.855,2712.682,23.962,8.760,50.338,279.391,16.930,830.711,4.250,1.860,100.000,0.011,0.022,0.165,0.010,0.355,0.003,0.001,50.181,2.573,7.828,47.858,2.900,129.182,0.728,0.289
United Kingdom,2006,GBR,61051093,2212618867772,154.678,1.253,33.795,2.063,152.004,9.280,2.336,0.077,559.340,9.201,40.526,7878.468,480.989,2438.122,148.850,-10.193,-14.318,2066.317,126.151,37.468,18.002,404.790,6630.348,397.270,15.821,-1.266,-34.345,43870.426,1.210,-0.846,-20.602,4974.850,303.720,39565.098,2415.492,76.452,90.403,-5.158,-51.263,942.602,2306.756,140.830,15439.566,-9.303,-85.906,13717.759,837.484,35.449,35.278,222.210,-6.693,-0.952,12.282,75.183,4.590,201.173,1.155,0.460,-3.766,-13.311,256.431,1532.323,93.550,4200.264,23.548,9.597,7.520,1.858,-7.556,-17.664,201.740,1235.850,75.450,3304.441,18.992,7.550,-0.985,-9.865,991.901,229.971,14.040,16247.061,-9.612,-94.706,14587.786,890.600,3.534,37.123,28.990,9.280,0.000,1.918,0.546,152.004,0.000,474.853,2.336,0.000,1.085,6507.172,2678.337,13.659,4.353,54.691,296.473,18.100,895.823,4.556,2.047,37.500,0.008,0.029,0.164,0.010,0.482,0.003,0.001,45.467,3.498,11.326,69.122,4.220,185.520,1.062,0.424
United Kingdom,2007,GBR,61535859,2267631534502,95.130,1.963,65.424,4.026,151.456,9.320,2.349,0.155,556.060,-5.842,-28.098,7359.794,452.891,2209.118,135.940,-6.318,-7.970,1920.527,118.181,34.258,17.429,402.020,6533.101,396.810,16.151,-2.768,-74.145,42319.914,1.148,-1.880,-45.420,5104.341,314.100,38515.309,2370.073,79.156,91.212,1.104,10.403,953.005,2694.201,165.790,15486.994,-9.858,-82.556,12268.105,754.928,41.781,36.676,220.650,10.535,1.222,13.503,82.553,5.080,219.441,1.280,0.520,-9.293,-28.070,228.360,1344.094,82.710,3711.013,20.844,8.788,5.210,1.296,-16.464,-34.111,167.629,1024.281,63.030,2724.080,15.884,6.451,-2.795,-27.725,964.176,201.021,12.370,15668.520,-0.004,-0.032,14472.347,890.568,3.117,37.106,29.139,9.320,0.000,0.513,0.149,151.456,0.000,473.530,2.349,0.000,1.121,6448.435,2604.192,17.517,6.041,60.732,319.814,19.680,986.934,4.960,2.337,27.273,0.008,0.037,0.163,0.010,0.605,0.003,0.001,24.500,2.700,14.026,85.641,5.270,227.934,1.328,0.540
United Kingdom,2008,GBR,62027303,2252034759561,129.506,5.214,148.963,9.240,155.577,9.650,2.481,0.362,554.380,-7.189,-32.558,6776.585,420.333,2005.246,124.380,5.690,6.724,2013.719,124.906,31.978,16.464,399.980,6448.451,388.960,16.030,-1.742,-45.376,41253.062,1.136,-1.150,-27.266,5070.832,314.530,37770.570,2342.807,80.864,91.766,2.657,25.320,978.326,2841.007,176.220,15772.500,-3.606,-27.223,11732.021,727.706,45.305,38.320,215.630,1.258,0.062,13.565,82.867,5.140,218.696,1.321,0.531,-3.589,-18.145,210.215,1199.955,74.430,3389.072,19.136,8.234,11.020,2.755,-16.727,-29.144,138.485,846.240,52.490,2232.646,13.495,5.424,-2.077,-20.028,944.148,224.579,13.930,15221.483,-6.250,-55.664,13460.268,834.904,3.581,36.982,30.154,9.650,0.000,3.483,1.015,155.577,0.000,486.141,2.481,0.000,1.181,6270.787,2558.816,31.325,10.998,71.730,353.715,21.940,1156.427,5.641,2.810,21.429,0.008,0.045,0.322,0.020,0.723,0.005,0.002,34.575,4.700,18.726,114.949,7.130,301.903,1.833,0.733
United Kingdom,2009,GBR,62506222,2151479208521,-93.625,-8.651,9.424,0.589,171.343,10.710,2.843,0.024,504.650,-17.519,-73.638,5546.568,346.695,1648.476,103.040,-2.358,-2.945,1951.179,121.961,27.349,14.351,379.620,6073.315,376.760,16.691,-5.315,-136.005,38761.125,1.126,-7.706,-180.537,4518.271,282.420,34592.875,2162.270,74.960,89.504,-6.755,-66.089,912.237,2663.735,166.500,14594.338,-15.892,-115.648,9791.945,612.057,44.193,37.761,190.130,1.687,0.156,13.722,83.672,5.230,219.522,1.388,0.568,13.512,43.351,253.566,1509.290,94.340,4056.645,25.040,10.496,2.860,0.753,31.650,42.874,181.359,1105.490,69.100,2901.451,18.341,7.507,-4.322,-40.810,903.338,206.059,12.880,14451.970,-5.001,-41.755,12689.120,793.149,3.419,37.392,33.484,10.710,0.000,11.044,3.330,171.343,0.000,535.694,2.843,0.000,1.386,6027.560,2422.812,-17.055,0.477,72.207,403.800,25.240,1155.193,6.699,2.989,17.648,0.008,0.052,0.320,0.020,0.840,0.005,0.002,30.769,5.633,24.360,148.465,9.280,389.713,2.463,1.008
United Kingdom,2010,GBR,63006482,2190919919855,-6.475,-0.038,8.744,0.551,194.583,12.260,3.209,0.022,517.200,2.340,8.114,5631.306,354.809,1707.602,107.590,3.501,4.270,2003.462,126.231,28.160,14.375,384.720,6106.039,382.060,16.467,2.160,52.335,39283.996,1.130,3.193,69.046,4662.060,293.740,35414.070,2231.316,76.883,90.401,7.968,72.692,984.928,2787.808,175.650,15632.177,-5.400,-33.048,9189.679,579.009,45.974,39.904,197.600,-31.304,-4.369,9.353,56.978,3.590,148.438,0.940,0.379,-6.383,-16.628,236.938,1401.760,88.320,3760.529,23.117,9.599,2.660,0.691,-10.070,-19.537,161.822,986.248,62.140,2568.340,16.264,6.556,-1.302,-11.759,891.579,166.650,10.500,14150.590,-7.679,-60.905,11621.718,732.244,2.748,36.122,38.322,12.260,0.000,14.447,4.838,194.583,0.000,608.220,3.209,0.000,1.553,6063.820,2475.146,3.477,2.909,75.116,415.513,26.180,1192.189,6.852,3.043,101.383,0.052,0.105,0.635,0.040,1.665,0.010,0.004,10.825,2.426,26.786,163.317,10.290,425.123,2.693,1.085
United Kingdom,2011,GBR,63509285,2223011392593,52.949,0.292,13.267,0.843,209.576,13.310,3.617,0.036,499.630,0.816,2.895,5632.311,357.704,1707.467,108.440,0.935,1.180,2006.185,127.411,29.470,15.394,374.190,5891.895,367.970,17.108,-5.776,-142.958,36722.008,1.049,-8.313,-185.485,4153.566,263.790,32213.102,2045.831,71.688,88.041,-16.828,-165.743,819.185,2306.749,146.500,12898.670,-20.411,-118.184,7256.030,460.825,39.813,35.253,183.850,58.484,5.393,14.745,89.593,5.690,232.178,1.546,0.635,18.189,40.948,277.886,1640.390,104.180,4375.511,28.312,11.959,6.220,1.662,11.009,16.884,178.706,1086.141,68.980,2813.853,18.746,7.691,-2.539,-22.637,868.942,139.350,8.850,13682.120,-17.454,-127.804,9517.337,604.439,2.405,37.394,41.606,13.310,0.000,8.569,3.284,209.576,0.000,655.111,3.617,0.000,1.790,5793.956,2332.188,34.879,24.064,99.180,554.250,35.200,1561.658,9.566,4.268,504.968,0.526,0.631,3.779,0.240,9.940,0.065,0.027,55.197,14.569,41.355,251.302,15.960,651.162,4.337,1.780
United Kingdom,2012,GBR,63960488,2255210551431,-3.607,-0.030,12.699,0.812,230.455,14.740,4.051,0.034,537.230,26.153,93.550,7055.203,451.254,2232.472,142.790,-8.231,-10.487,1828.075,116.925,39.242,19.072,375.730,5874.408,363.870,16.677,1.842,42.958,37134.582,1.053,1.150,23.521,3943.372,252.220,32353.602,2069.352,69.316,87.462,-6.128,-50.198,768.987,1566.123,100.170,12022.853,-14.952,-68.901,6127.593,391.924,27.529,32.502,195.480,-6.723,-1.062,13.683,83.020,5.310,213.932,1.459,0.578,7.074,18.764,296.649,1745.609,111.650,4638.011,30.684,12.538,11.860,3.157,2.065,2.751,181.456,1100.836,70.410,2837.007,19.350,7.669,-2.282,-19.831,849.110,144.777,9.260,13275.547,-14.261,-86.197,8102.540,518.242,2.545,35.888,46.056,14.740,0.000,10.697,4.451,230.455,0.000,720.073,4.051,0.000,1.947,5688.981,2375.146,16.656,16.013,115.193,644.773,41.240,1801.004,11.334,4.869,455.587,2.858,3.489,21.107,1.350,54.551,0.371,0.147,24.332,9.798,51.152,310.191,19.840,799.750,5.452,2.162
United Kingdom,2013,GBR,64389386,2296252599482,1358.741,11.036,184.007,11.848,281.102,18.100,5.052,0.498,506.920,-3.619,-16.330,6754.600,434.925,2023.004,130.260,-24.658,-28.832,1368.128,88.093,36.357,18.295,372.710,5788.376,358.280,16.479,0.561,13.327,37094.207,1.040,-1.492,-30.866,3641.283,234.460,31658.725,2038.486,65.440,85.748,-0.745,-5.730,763.258,1488.444,95.840,11853.780,-5.644,-22.120,5743.242,369.804,26.750,32.106,181.620,-11.444,-1.659,12.024,72.993,4.700,186.744,1.312,0.506,20.632,42.149,338.799,1922.988,123.820,5261.718,34.560,14.252,14.430,3.872,0.287,-0.876,180.580,1096.609,70.610,2804.504,19.708,7.596,-1.037,-8.807,840.304,129.835,8.360,13050.343,-8.784,-45.525,7341.544,472.717,2.333,35.347,56.578,18.100,0.000,22.845,10.522,281.102,0.000,878.682,5.052,0.000,2.380,5564.271,2388.473,54.688,43.025,158.219,826.378,53.210,2457.214,14.852,6.655,48.494,1.652,5.141,31.216,2.010,79.848,0.561,0.216,43.079,21.475,72.627,441.066,28.400,1127.934,7.927,3.055
United Kingdom,2014,GBR,64865914,2369725553442,14.240,1.687,208.665,13.535,348.719,22.620,6.691,0.603,462.880,-19.252,-83.730,5414.156,351.194,1545.342,100.240,-8.581,-7.559,1241.537,80.533,29.650,15.652,358.600,5528.327,338.080,16.634,-5.559,-132.766,34774.930,0.952,-7.249,-147.761,3234.673,209.820,29148.203,1890.725,62.062,84.265,-8.215,-62.702,700.555,1555.362,100.890,10800.052,1.220,4.511,5770.599,374.315,29.842,31.222,156.490,25.233,2.957,14.982,90.803,5.890,230.966,1.742,0.668,4.523,14.255,353.054,1977.310,128.260,5442.826,37.938,15.735,20.520,5.722,-9.714,-18.372,162.209,982.797,63.750,2500.675,18.856,7.229,-0.158,-1.328,838.975,133.969,8.690,12933.995,-1.768,-8.356,7158.794,464.362,2.570,37.391,70.691,22.620,0.000,24.945,14.114,348.719,0.000,1089.808,6.691,0.000,3.151,5211.982,2255.708,19.974,32.627,190.845,994.513,64.510,2942.152,19.081,8.506,101.668,5.174,10.316,62.436,4.050,159.031,1.198,0.460,12.544,8.694,81.321,492.555,31.950,1253.682,9.450,3.624
United Kingdom,2015,GBR,65382107,2426435869267,-20.071,-2.717,165.468,10.819,447.523,29.260,8.635,0.478,397.790,-21.034,-73.871,4241.576,277.323,1160.562,75.880,-26.135,-21.047,909.824,59.486,22.392,12.243,359.980,5505.788,338.870,16.840,1.053,23.760,34863.777,0.939,-2.272,-42.962,2832.120,185.170,28260.980,1847.762,54.643,81.576,2.840,19.899,720.454,1527.635,99.880,11019.137,8.628,32.297,6219.007,406.612,29.474,31.807,134.800,6.954,0.961,15.942,96.357,6.300,243.835,1.859,0.704,16.023,64.262,417.316,2350.796,153.700,6382.719,45.357,18.424,21.110,5.864,10.348,15.880,178.088,1075.829,70.340,2723.809,20.757,7.862,1.312,11.009,849.985,143.923,9.410,13000.268,13.424,62.335,8055.664,526.696,2.777,37.526,91.434,29.260,0.000,29.343,20.743,447.523,0.000,1398.461,8.635,0.000,4.037,5182.917,2279.467,20.658,48.382,239.227,1274.967,83.360,3658.910,24.599,10.562,85.810,8.755,19.071,115.169,7.530,291.678,2.222,0.842,26.019,20.640,101.961,615.918,40.270,1559.468,11.884,4.501
United Kingdom,2016,GBR,65893359,2478973016876,1.332,0.144,166.370,10.963,456.343,30.070,8.865,0.491,333.450,-49.095,-136.151,2142.435,141.172,465.449,30.670,-46.691,-27.774,481.259,31.712,9.042,6.324,356.930,5416.783,339.180,17.133,-1.428,-32.545,34099.367,0.906,-1.827,-33.751,2799.068,184.440,27529.508,1814.012,54.378,81.267,10.900,78.529,798.983,2172.146,143.130,12125.400,2.649,10.770,6334.204,417.382,42.199,35.794,113.100,-14.716,-2.449,13.494,81.495,5.370,204.784,1.583,0.605,0.708,0.828,418.144,2348.340,154.740,6345.764,45.622,18.733,17.750,4.973,1.963,2.128,180.216,1088.577,71.730,2734.969,21.148,8.074,2.808,23.871,873.856,161.473,10.640,13261.673,4.763,25.084,8373.840,551.780,3.137,39.149,93.955,30.070,0.000,2.757,2.520,456.343,0.000,1425.861,8.865,0.000,4.209,5147.408,2246.922,-0.230,-1.300,237.927,1259.763,83.010,3610.795,24.474,10.659,38.167,7.080,26.151,157.983,10.410,396.862,3.069,1.172,-7.735,-8.596,93.365,563.942,37.160,1416.917,10.956,4.183
United Kingdom,2017,GBR,66354473,2539548543933,-1.242,-0.136,163.163,10.827,480.751,31.900,9.432,0.485,302.200,-19.087,-26.946,1721.461,114.227,339.540,22.530,-27.916,-8.853,344.499,22.859,6.661,5.112,352.980,5319.611,338.220,17.251,0.183,4.121,33924.512,0.886,-1.847,-33.497,2546.776,168.990,26833.375,1780.515,49.965,79.690,-2.090,-16.695,782.288,2060.901,136.750,11789.527,0.351,1.465,6312.257,418.846,40.432,35.012,102.210,9.519,1.211,14.705,88.615,5.880,221.605,1.739,0.658,8.660,35.656,453.800,2550.393,169.230,6839.025,50.035,20.310,14.760,4.182,-1.938,-4.376,175.841,1060.064,70.340,2650.021,20.797,7.870,1.161,10.144,884.000,146.335,9.710,13322.389,-1.716,-9.470,8172.934,542.311,2.871,39.565,99.682,31.900,0.000,6.096,5.727,480.751,0.000,1502.267,9.432,0.000,4.461,5097.169,2251.043,16.750,40.032,277.959,1490.329,98.890,4189.004,29.238,12.440,10.082,2.493,28.643,172.709,11.460,431.668,3.388,1.282,33.590,30.737,124.103,748.254,49.650,1870.302,14.680,5.554
United Kingdom,2018,GBR,66752473,2582848171416,40.949,4.433,228.605,15.260,525.973,35.110,10.520,0.685,285.650,-15.593,-17.811,1444.370,96.415,252.125,16.830,-8.125,-1.857,314.620,21.002,5.043,4.326,352.870,5286.246,333.760,17.152,-0.205,-4.619,33653.051,0.870,-1.410,-25.098,2375.343,158.560,26297.404,1755.417,47.507,78.758,0.792,6.199,788.487,1969.815,131.490,11812.102,-3.180,-13.319,6075.085,405.527,39.397,35.376,95.340,-7.455,-1.164,13.541,81.495,5.440,202.847,1.630,0.608,5.783,19.647,473.447,2624.622,175.200,7092.575,52.493,21.242,19.110,5.416,-7.496,-13.991,161.850,974.646,65.060,2424.633,19.493,7.262,-1.526,-13.486,870.514,153.403,10.240,13040.932,9.093,49.312,8862.933,591.623,3.068,39.056,109.722,35.120,0.010,10.071,10.039,526.123,0.150,1643.708,10.523,0.003,4.923,4999.965,2246.424,14.298,33.638,311.597,1649.976,110.140,4667.942,33.000,13.980,10.571,2.870,31.513,189.806,12.670,472.094,3.796,1.414,14.638,17.458,141.561,852.553,56.910,2120.689,17.051,6.351
United Kingdom,2019,GBR,67110958,2624285076706,32.817,5.008,302.004,20.268,559.372,37.540,11.473,0.932,268.410,-28.525,-27.502,1026.850,68.913,103.113,6.920,-6.113,-1.284,293.810,19.718,2.115,3.170,348.360,5190.806,327.190,17.309,-2.379,-53.440,32676.998,0.836,-3.492,-61.291,2254.028,151.270,25243.652,1694.126,46.233,77.919,-1.236,-9.749,778.738,1983.134,133.090,11603.732,-3.111,-12.618,5854.620,392.909,40.677,35.817,87.820,8.995,1.145,14.685,88.361,5.930,218.823,1.812,0.675,3.005,6.634,480.080,2621.331,175.920,7153.533,53.767,22.081,21.170,6.077,-13.648,-22.781,139.069,837.121,56.180,2072.229,17.170,6.396,-2.762,-24.039,846.475,167.782,11.260,12613.069,1.862,11.017,8979.755,602.640,3.441,38.933,117.313,37.550,0.010,6.919,7.592,559.521,0.149,1748.047,11.477,0.003,5.396,4875.359,2192.985,11.647,29.414,341.011,1784.209,119.740,5081.304,36.596,15.684,-1.976,-0.776,30.738,185.067,12.420,458.014,3.796,1.414,12.173,16.446,158.007,951.260,63.840,2354.417,19.512,7.267
United Kingdom,2020,GBR,67351860,2334804059780,-6.136,-1.244,282.458,19.024,572.813,38.580,12.433,0.969,242.540,-8.867,-6.110,932.455,62.803,84.630,5.700,-35.124,-6.926,189.929,12.792,1.837,3.200,328.550,4878.113,310.300,18.611,-9.582,-210.142,29440.059,0.849,-13.558,-229.686,1877.157,126.430,21743.117,1464.439,40.744,74.612,-5.663,-44.100,734.638,1661.276,111.890,10907.458,0.714,2.805,5875.327,395.714,36.059,37.429,75.260,15.933,2.298,16.983,102.150,6.880,252.157,2.217,0.865,3.420,18.229,498.309,2729.991,183.870,7398.600,59.256,25.388,18.250,5.555,-10.581,-15.022,124.047,745.933,50.240,1841.778,16.191,6.320,-21.203,-179.476,666.999,131.251,8.840,9903.204,-5.466,-32.941,8458.542,569.699,2.849,33.983,120.551,38.576,,2.760,3.238,572.759,,1789.873,12.432,,6.142,4607.148,1982.843,9.040,33.251,374.262,1984.058,133.630,5556.822,43.065,19.068,1.038,0.242,30.980,186.335,12.550,459.972,4.044,1.578,18.467,28.717,186.724,1122.760,75.620,2772.362,24.370,9.513
United Kingdom,2021,GBR,67668788,2512190098029,-11.476,-2.183,248.873,16.841,591.262,40.010,12.994,0.853,267.100,2.340,1.470,949.808,64.272,100.342,6.790,-36.417,-4.659,120.197,8.134,2.205,3.257,332.640,4915.708,307.900,18.109,0.410,8.125,29422.240,0.793,3.443,50.414,2058.704,139.310,22386.293,1514.853,45.245,76.764,4.751,34.906,769.544,1815.312,122.840,11372.211,-17.146,-67.850,4845.131,327.864,39.896,38.996,82.240,-21.224,-3.637,13.346,80.096,5.420,197.223,1.760,0.676,-8.609,-39.762,458.548,2491.400,168.590,6776.355,54.755,23.236,24.740,7.437,-8.231,-10.491,113.556,681.259,46.100,1678.121,14.972,5.754,2.105,14.038,681.037,143.050,9.680,10064.272,-16.580,-94.454,7023.104,475.245,3.144,34.511,125.020,40.007,,3.707,4.469,591.211,,1847.533,12.993,,6.335,4550.104,1990.967,-8.733,-29.271,344.991,1810.140,122.490,5098.234,39.782,17.482,-3.335,-1.107,29.873,179.255,12.130,441.461,3.940,1.514,-14.148,-26.813,159.911,959.527,64.930,2363.144,21.088,8.103
United Kingdom,2022,GBR,68179315,2615230634906,36.670,6.176,337.588,23.016,525.819,35.850,11.045,1.156,254.980,-7.804,-5.016,869.127,59.256,87.123,5.940,-38.604,-3.140,73.243,4.994,1.830,2.977,320.280,4697.612,324.580,19.095,0.953,18.977,29480.258,0.769,-1.352,-20.479,2084.503,142.120,21918.291,1494.374,43.786,75.077,-8.403,-64.662,704.881,1835.014,125.110,10338.642,16.262,53.318,5590.874,381.182,38.545,35.413,82.760,4.474,0.563,13.909,83.016,5.660,204.000,1.744,0.699,10.996,37.545,496.093,2676.178,182.460,7276.292,56.214,24.923,-4.300,-1.343,2.812,2.907,116.463,695.226,47.400,1708.189,14.603,5.851,7.224,49.199,730.236,162.366,11.070,10710.523,-7.614,-36.187,6439.755,439.058,3.411,36.687,112.038,35.852,,-10.385,-12.983,525.849,,1643.277,11.046,,5.629,4760.681,2009.944,13.704,34.638,379.629,1980.953,135.060,5568.103,41.611,19.072,9.980,2.901,32.774,195.661,13.340,480.699,4.110,1.647,24.057,37.982,197.893,1176.457,80.210,2902.539,24.712,9.942
United Kingdom,2023,GBR,68682965,,15.891,3.658,388.365,26.674,496.484,34.100,11.657,1.397,235.630,-13.876,-8.222,743.039,51.034,55.035,3.780,-20.818,-1.040,57.570,3.954,1.292,2.673,315.830,4598.375,292.530,17.929,-3.996,-80.318,28094.684,,-4.398,-65.726,1692.705,116.260,20800.623,1428.648,39.743,74.837,-9.744,-68.685,636.197,1480.134,101.660,9262.801,-9.519,-36.285,5021.577,344.897,34.752,33.326,68.930,-2.176,-0.402,13.506,80.660,5.540,196.648,1.894,0.708,-1.318,-15.724,480.369,2566.430,176.270,6994.000,60.257,25.163,23.300,7.377,-14.355,-17.449,99.015,591.122,40.600,1441.619,13.879,5.187,1.531,11.182,741.418,157.535,10.820,10794.784,-11.407,-50.083,5663.342,388.975,3.699,38.838,106.556,34.098,,-4.892,-5.481,496.455,,1551.422,11.656,,5.582,4259.135,1929.626,2.583,1.725,381.354,1975.308,135.670,5552.381,46.378,19.976,4.090,1.091,33.864,202.088,13.880,493.054,4.745,1.774,2.193,2.860,200.753,1196.075,82.150,2922.893,28.083,10.516
United Kingdom,2024,GBR,69138185,,3.853,1.028,400.675,27.702,579.853,40.090,14.108,1.445,216.500,-7.969,-4.067,679.324,46.967,27.481,1.900,-78.947,-3.122,12.040,0.832,0.669,2.450,317.350,4590.083,284.160,17.520,0.380,7.333,28015.771,,-1.326,-18.949,1441.316,99.650,20389.592,1409.699,35.068,73.543,-2.770,-17.625,618.572,1248.225,86.300,8946.893,-10.934,-37.711,4443.077,307.186,30.370,32.270,61.520,4.092,0.553,14.059,83.311,5.760,203.347,2.027,0.733,4.873,26.773,507.142,2668.713,184.510,7335.188,64.932,26.457,33.190,10.458,-0.020,-0.020,98.995,587.085,40.590,1431.837,14.284,5.164,0.370,2.742,744.160,165.610,11.450,10763.375,-9.111,-35.439,5113.473,353.536,4.029,38.822,125.295,40.094,,17.586,18.739,579.917,,1812.240,14.110,,6.537,4110.030,1936.960,6.095,26.793,408.147,2081.628,143.920,5903.351,50.648,21.293,6.519,2.208,36.072,213.919,14.790,521.737,5.205,1.882,2.125,4.266,205.019,1204.544,83.280,2965.352,29.307,10.696
